delay,freq,condition,trials.thisRepN,trials.thisTrialN,trials.thisN,trials.thisIndex,thisRow.t,notes,trial.started,fixation.started,polygon.started,key_resp.started,fixation.stopped,trial.stopped,key_resp.keys,key_resp.rt,key_resp.duration,beep_sound.started,sound_1.started,sound_1.stopped,beep_sound.stopped,responses.started,display_text.started,textbox.started,button.started,responses.stopped,textbox.text,button.numClicks,button.timesOn,button.timesOff,participant,session,date,expName,psychopyVersion,frameRate,expStart
0.4,1000,exp,0,1,1,10,10.371416,,10.3595369,10.371416,11.3716271,11.3716271,11.3716271,11.7074439,space,0.3332687,None,11.7088938,12.12094417,12.454251,12.4252668,12.4253311,12.454251,12.454251,12.454251,18.3054548,200,1,[5.877118700009305],[5.87713090001489],final,1,2024-11-11_11h13.11.595,Intentional binding,2024.1.5,None,2024-11-11 11h13.27.939400 +0530
0.7,1000,exp,0,2,2,11,18.3190414,,18.3069379,18.3190414,19.3191547,19.3191547,19.3191547,20.2038252,space,0.8726323,None,20.2053451,20.91860427,21.2408091,21.2149781,21.215028,21.2408091,21.2408091,21.2408091,25.4023141,400,1,[4.184227499994449],[4.184241100010695],final,1,2024-11-11_11h13.11.595,Intentional binding,2024.1.5,None,2024-11-11 11h13.27.939400 +0530
0.1,1000,exp,0,3,3,6,25.4168078,,25.4038838,25.4168078,26.4167605,26.4167605,26.4167605,28.5015375,space,2.0759634,None,28.5028075,28.61597557,28.9460128,28.9157602,28.9158352,28.9460128,28.9460128,28.9460128,31.5169257,300,1,[2.5979554999794345],[2.5979701999749523],final,1,2024-11-11_11h13.11.595,Intentional binding,2024.1.5,None,2024-11-11 11h13.27.939400 +0530
0.7,1000,exp,0,4,4,8,31.5315315,,31.5184223,31.5315315,32.5315888,32.5315888,32.5315888,34.564745,space,2.0165087,None,34.5657311,35.27989437,35.5980533,35.5746802,35.5747164,35.5980533,35.5980533,35.5980533,47.8284032,100,1,[12.251361900009215],[12.251376100000925],final,1,2024-11-11_11h13.11.595,Intentional binding,2024.1.5,None,2024-11-11 11h13.27.939400 +0530
0.4,1000,exp,0,5,5,4,47.842618,,47.8298421,47.842618,48.8425115,48.8425115,48.8425115,50.8451414,space,2.0000412,None,50.8464011,51.25852627,51.5857916,51.5549084,51.5549816,51.5857916,51.5857916,51.5857916,55.4589528,200,1,[3.900656399986474],[3.9006712999835145],final,1,2024-11-11_11h13.11.595,Intentional binding,2024.1.5,None,2024-11-11 11h13.27.939400 +0530
0.1,1000,exp,0,6,6,3,55.4737609,,55.4604241,55.4737609,56.4734129,56.4734129,56.4734129,57.7084718,space,1.2273335,None,57.7097524,57.82297267,58.1558367,58.1253254,58.1253887,58.1558367,58.1558367,58.1558367,61.6571989,80,1,[3.5286365000065416],[3.5286515000043437],final,1,2024-11-11_11h13.11.595,Intentional binding,2024.1.5,None,2024-11-11 11h13.27.939400 +0530
0.1,1000,exp,0,7,7,9,61.6716137,,61.65878,61.6716137,62.6715331,62.6715331,62.6715331,63.0569878,space,0.3716262,None,63.0582365,63.17100137,63.5061059,63.4754075,63.4754842,63.5061059,63.5061059,63.5061059,70.2379682,300,1,[6.759137799992459],[6.7591537999978755],final,1,2024-11-11_11h13.11.595,Intentional binding,2024.1.5,None,2024-11-11 11h13.27.939400 +0530
0.7,1000,exp,0,9,9,5,79.2324957,,79.2192973,79.2324957,80.2322499,80.2322499,80.2322499,81.0671861,space,0.8298799,None,81.0684992,81.78146087,82.1175165,82.0855963,82.0856782,82.1175165,82.1175165,82.1175165,85.5327798,900,1,[3.4437104999960866],[3.4437260999984574],final,1,2024-11-11_11h13.11.595,Intentional binding,2024.1.5,None,2024-11-11 11h13.27.939400 +0530
0.4,1000,exp,0,11,11,7,92.893977,,92.8806823,92.893977,93.8935347,93.8935347,93.8935347,97.4618469,space,3.5567333,None,97.463092,97.87632407,98.2072791,98.1752938,98.1753812,98.2072791,98.2072791,98.2072791,101.4107484,500,1,[3.2317275000095833],[3.2317437999881804],final,1,2024-11-11_11h13.11.595,Intentional binding,2024.1.5,None,2024-11-11 11h13.27.939400 +0530
0.7,1000,exp,1,0,12,8,101.4248682,,101.4122046,101.4248682,102.4246867,102.4246867,102.4246867,108.0256445,space,5.5878124,None,108.0269144,108.7391881,109.0681083,109.0351096,109.0351741,109.0681083,109.0681083,109.0681083,113.80643,200,1,[4.767541200009873],[4.767555800004629],final,1,2024-11-11_11h13.11.595,Intentional binding,2024.1.5,None,2024-11-11 11h13.27.939400 +0530
0.1,1000,exp,1,2,14,3,119.6022776,,119.5892692,119.6022776,120.6019274,120.6019274,120.6019274,121.9366326,space,1.3192913,None,121.9377598,122.0515183,122.3890034,122.3554861,122.3555576,122.3890034,122.3890034,122.3890034,124.6360722,400,1,[2.277200400014408],[2.277216499991482],final,1,2024-11-11_11h13.11.595,Intentional binding,2024.1.5,None,2024-11-11 11h13.27.939400 +0530
0.4,1000,exp,1,3,15,10,124.6505569,,124.6376149,124.6505569,125.6503226,125.6503226,125.6503226,127.3355921,space,1.679256,None,127.3370069,127.7494728,128.0774684,128.0450272,128.0450993,128.0774684,128.0774684,128.0774684,130.1674855,400,1,[2.1188900000124704],[2.1189061000186484],final,1,2024-11-11_11h13.11.595,Intentional binding,2024.1.5,None,2024-11-11 11h13.27.939400 +0530
0.7,1000,exp,1,5,17,5,135.2133606,,135.2004842,135.2133606,136.213464,136.213464,136.213464,136.6991243,space,0.4745967,None,136.7005651,137.4129037,137.7470676,137.7153849,137.7154743,137.7470676,137.7470676,137.7470676,139.4805341,500,1,[1.7617909999971744],[1.7618051999888849],final,1,2024-11-11_11h13.11.595,Intentional binding,2024.1.5,None,2024-11-11 11h13.27.939400 +0530
0.1,1000,exp,1,6,18,9,139.4951975,,139.4819818,139.4951975,140.4952717,140.4952717,140.4952717,140.5302063,space,0.0198391,None,140.5314863,140.6454421,140.9768844,140.9450476,140.9451484,140.9768844,140.9768844,140.9768844,143.829916,90,1,[2.881183499994222],[2.8811996000004],final,1,2024-11-11_11h13.11.595,Intentional binding,2024.1.5,None,2024-11-11 11h13.27.939400 +0530
0.4,1000,exp,1,7,19,4,143.8441405,,143.8314015,143.8441405,144.844008,144.844008,144.844008,145.0289128,space,0.1680724,None,145.0302047,145.4433388,145.7761939,145.7453057,145.7454059,145.7761939,145.7761939,145.7761939,148.7102902,100,1,[2.961603000003379],[2.9616176999988966],final,1,2024-11-11_11h13.11.595,Intentional binding,2024.1.5,None,2024-11-11 11h13.27.939400 +0530
0.4,1000,exp,1,8,20,7,148.7253142,,148.7119669,148.7253142,149.7245412,149.7245412,149.7245412,150.0592448,space,0.3264881,None,150.0601847,150.4741249,150.7959744,150.774504,150.7745439,150.7959744,150.7959744,150.7959744,154.8579879,900,1,[4.081151899998076],[4.081165899988264],final,1,2024-11-11_11h13.11.595,Intentional binding,2024.1.5,None,2024-11-11 11h13.27.939400 +0530
0.1,1000,exp,1,9,21,6,154.8728,,154.8594726,154.8728,155.8727367,155.8727367,155.8727367,156.0254643,space,0.1450193,None,156.0267284,156.1394585,156.4657814,156.4351538,156.43525,156.4657814,156.4657814,156.4657814,159.0742838,400,1,[2.6358408000087366],[2.6358559000073],final,1,2024-11-11_11h13.11.595,Intentional binding,2024.1.5,None,2024-11-11 11h13.27.939400 +0530
0.7,1000,exp,1,11,23,11,164.4369613,,164.4237972,164.4369613,165.4368723,165.4368723,165.4368723,165.6557349,space,0.2076028,None,165.6569978,166.3699415,166.6954547,166.6649887,166.665084,166.6954547,166.6954547,166.6954547,168.6878916,999,1,[2.0194934000028297],[2.0195091999776196],final,1,2024-11-11_11h13.11.595,Intentional binding,2024.1.5,None,2024-11-11 11h13.27.939400 +0530
0.1,1000,exp,2,1,25,3,173.8838774,,173.8711479,173.8838774,174.883666,174.883666,174.883666,176.1355314,space,1.2424258,None,176.1368005,176.249872,176.5744885,176.544841,176.5449089,176.5744885,176.5744885,176.5744885,179.0343483,200,1,[2.4861439999949653],[2.4861598999996204],final,1,2024-11-11_11h13.11.595,Intentional binding,2024.1.5,None,2024-11-11 11h13.27.939400 +0530
0.4,1000,exp,2,2,26,4,179.0486424,,179.0358661,179.0486424,180.0486135,180.0486135,180.0486135,180.5672597,space,0.5077344,None,180.5685687,180.9815417,181.3198752,181.2856927,181.2857648,181.3198752,181.3198752,181.3198752,184.232189,400,1,[2.9430371000198647],[2.943050800007768],final,1,2024-11-11_11h13.11.595,Intentional binding,2024.1.5,None,2024-11-11 11h13.27.939400 +0530
0.4,1000,exp,2,3,27,7,184.2467871,,184.2335567,184.2467871,185.2468708,185.2468708,185.2468708,186.5318909,space,1.2674776,None,186.5331234,186.9463563,187.2767834,187.2451729,187.2452461,187.2767834,187.2767834,187.2767834,193.7962746,300,1,[6.547445400006836],[6.547460400004638],final,1,2024-11-11_11h13.11.595,Intentional binding,2024.1.5,None,2024-11-11 11h13.27.939400 +0530
0.7,1000,exp,2,4,28,8,193.8107486,,193.7977708,193.8107486,194.8102286,194.8102286,194.8102286,195.3457503,space,0.5286567,None,195.347063,196.0600724,196.3871972,196.3554153,196.3554889,196.3871972,196.3871972,196.3871972,198.4778092,400,1,[2.118672200012952],[2.1186873000115156],final,1,2024-11-11_11h13.11.595,Intentional binding,2024.1.5,None,2024-11-11 11h13.27.939400 +0530
0.7,1000,exp,2,6,30,5,203.473881,,203.4609215,203.473881,204.4738402,204.4738402,204.4738402,205.575315,space,1.0893999,None,205.576568,206.2897788,206.6169028,206.5853478,206.5854315,206.6169028,206.6169028,206.6169028,209.0404844,999,1,[2.4514591000042856],[2.451473299995996],final,1,2024-11-11_11h13.11.595,Intentional binding,2024.1.5,None,2024-11-11 11h13.27.939400 +0530
0.1,1000,exp,2,8,32,6,213.8533397,,213.8406366,213.8533397,214.8535852,214.8535852,214.8535852,215.8551392,space,0.9842867,None,215.8564116,215.9697607,216.2975341,216.2656097,216.2656847,216.2975341,216.2975341,216.2975341,220.1709471,60,1,[3.901713400002336],[3.9017293000069913],final,1,2024-11-11_11h13.11.595,Intentional binding,2024.1.5,None,2024-11-11 11h13.27.939400 +0530
0.4,1000,exp,2,9,33,10,220.1850966,,220.1724573,220.1850966,221.1844497,221.1844497,221.1844497,222.0689962,space,0.8806917,None,222.0696911,222.483552,222.8027184,222.7844715,222.784506,222.8027184,222.8027184,222.8027184,225.7187241,880,1,[2.9319579000002705],[2.9319736000034027],final,1,2024-11-11_11h13.11.595,Intentional binding,2024.1.5,None,2024-11-11 11h13.27.939400 +0530
0.7,1000,exp,2,10,34,11,225.7331571,,225.7205072,225.7331571,226.7330181,226.7330181,226.7330181,226.8183506,space,0.0678284,None,226.8196023,227.5325184,227.8664424,227.8351543,227.8352245,227.8664424,227.8664424,227.8664424,230.5503707,50,1,[2.711493699986022],[2.71150909998687],final,1,2024-11-11_11h13.11.595,Intentional binding,2024.1.5,None,2024-11-11 11h13.27.939400 +0530
0.1,1000,exp,2,11,35,9,230.5647413,,230.5519155,230.5647413,231.5647348,231.5647348,231.5647348,233.233179,space,1.6648053,None,233.2351136,233.3472853,233.6763268,233.6454268,233.6455026,233.6763268,233.6763268,233.6763268,237.04822,20,1,[3.3992795000085607],[3.399295200011693],final,1,2024-11-11_11h13.11.595,Intentional binding,2024.1.5,None,2024-11-11 11h13.27.939400 +0530
0.4,1000,exp,3,0,36,10,237.0625901,,237.0497854,237.0625901,238.0624537,238.0624537,238.0624537,239.3143645,space,1.243285,None,239.3158844,239.7284411,240.0586404,240.025195,240.0252673,240.0586404,240.0586404,240.0586404,245.7785944,100,1,[5.749647600023309],[5.749662800022634],final,1,2024-11-11_11h13.11.595,Intentional binding,2024.1.5,None,2024-11-11 11h13.27.939400 +0530
0.1,1000,exp,3,2,38,9,251.7075809,,251.6945652,251.7075809,252.7075266,252.7075266,252.7075266,253.4596298,space,0.7416125,None,253.4609474,253.5738329,253.9067096,253.8759894,253.8760627,253.9067096,253.9067096,253.9067096,257.6081419,30,1,[3.728776200005086],[3.7287922000105027],final,1,2024-11-11_11h13.11.595,Intentional binding,2024.1.5,None,2024-11-11 11h13.27.939400 +0530
0.4,1000,exp,3,3,39,4,257.6223192,,257.6097223,257.6223192,258.6222757,258.6222757,258.6222757,259.240363,space,0.6007978,None,259.2416149,259.655102,259.986415,259.9555643,259.9556364,259.986415,259.986415,259.986415,263.4225775,500,1,[3.4636043999926187],[3.4636203999980353],final,1,2024-11-11_11h13.11.595,Intentional binding,2024.1.5,None,2024-11-11 11h13.27.939400 +0530
0.1,1000,exp,3,4,40,6,263.436918,,263.4245078,263.436918,264.4368196,264.4368196,264.4368196,267.0050353,space,2.5540823,None,267.0063267,267.1191981,267.4416296,267.414438,267.4144931,267.4416296,267.4416296,267.4416296,270.919898,990,1,[3.502651499991771],[3.5026668999926187],final,1,2024-11-11_11h13.11.595,Intentional binding,2024.1.5,None,2024-11-11 11h13.27.939400 +0530
0.7,1000,exp,3,5,41,5,270.9341521,,270.9215404,270.9341521,271.9342674,271.9342674,271.9342674,272.6863108,space,0.7460167,None,272.6876978,273.4003053,273.7344253,273.701265,273.7013856,273.7344253,273.7344253,273.7344253,276.2517666,50,1,[2.5468133999966085],[2.5468269000120927],final,1,2024-11-11_11h13.11.595,Intentional binding,2024.1.5,None,2024-11-11 11h13.27.939400 +0530
0.7,1000,exp,3,7,43,11,288.2787753,,288.2658606,288.2787753,289.2786332,289.2786332,289.2786332,289.7806683,space,0.4964661,None,289.7820332,290.4947731,290.8260323,290.7954411,290.7955159,290.8260323,290.8260323,290.8260323,294.8456037,999,1,[4.046675999998115],[4.04669119999744],final,1,2024-11-11_11h13.11.595,Intentional binding,2024.1.5,None,2024-11-11 11h13.27.939400 +0530
0.1,1000,exp,3,9,45,3,300.4246763,,300.4115137,300.4246763,301.42462,301.42462,301.42462,301.7265971,space,0.285895,None,301.7278648,301.8410848,302.1761437,302.1449543,302.1450316,302.1761437,302.1761437,302.1761437,304.2590147,500,1,[2.1108158999995794],[2.11083150000195],final,1,2024-11-11_11h13.11.595,Intentional binding,2024.1.5,None,2024-11-11 11h13.27.939400 +0530
0.7,1000,exp,3,10,46,8,304.2732935,,304.2604872,304.2732935,305.2731505,305.2731505,305.2731505,306.0080597,space,0.7174914,None,306.0093674,306.7227209,307.0578194,307.0254659,307.0255586,307.0578194,307.0578194,307.0578194,309.7736533,980,1,[2.7448192999872845],[2.7448353999934625],final,1,2024-11-11_11h13.11.595,Intentional binding,2024.1.5,None,2024-11-11 11h13.27.939400 +0530
0.4,1000,exp,3,11,47,7,309.7880614,,309.7752062,309.7880614,310.7879306,310.7879306,310.7879306,311.3403865,space,0.5407645,None,311.3418567,311.7539,312.0883814,312.0554374,312.0555337,312.0883814,312.0883814,312.0883814,314.6055751,800,1,[2.546592300001066],[2.5466201000090223],final,1,2024-11-11_11h13.11.595,Intentional binding,2024.1.5,None,2024-11-11 11h13.27.939400 +0530
0.1,1000,exp,4,0,48,6,314.619964,,314.6070516,314.619964,315.6198828,315.6198828,315.6198828,316.638462,space,1.0094898,None,316.6399145,316.7527272,317.0879555,317.0553785,317.0554507,317.0879555,317.0879555,317.0879555,322.2861256,874,1,[5.227277600002708],[5.227292199997464],final,1,2024-11-11_11h13.11.595,Intentional binding,2024.1.5,None,2024-11-11 11h13.27.939400 +0530
0.4,1000,exp,4,1,49,7,322.3007749,,322.2876435,322.3007749,323.3004211,323.3004211,323.3004211,323.6524338,space,0.3463444,None,323.6539362,324.0669995,324.3977911,324.3654691,324.3655406,324.3977911,324.3977911,324.3977911,327.0349524,880,1,[2.665651000017533],[2.665671499999007],final,1,2024-11-11_11h13.11.595,Intentional binding,2024.1.5,None,2024-11-11 11h13.27.939400 +0530
0.7,1000,exp,4,2,50,11,327.0489862,,327.0364385,327.0489862,328.0489126,328.0489126,328.0489126,328.167992,space,0.1087593,None,328.1693387,328.8818491,329.2216359,329.1855428,329.1856187,329.2216359,329.2216359,329.2216359,330.9333819,500,1,[1.744302000006428],[1.7443163999996614],final,1,2024-11-11_11h13.11.595,Intentional binding,2024.1.5,None,2024-11-11 11h13.27.939400 +0530
0.7,1000,exp,4,3,51,8,330.9478737,,330.9349972,330.9478737,331.9475963,331.9475963,331.9475963,332.1662138,space,0.2059694,None,332.1673604,332.8807242,333.2172774,333.1854029,333.1854737,333.2172774,333.2172774,333.2172774,336.6314308,500,1,[3.4425943000242114],[3.4426098000258207],final,1,2024-11-11_11h13.11.595,Intentional binding,2024.1.5,None,2024-11-11 11h13.27.939400 +0530
0.1,1000,exp,4,5,53,9,344.1931957,,344.1804118,344.1931957,345.1930214,345.1930214,345.1930214,346.1952898,space,0.9914896,None,346.1966294,346.3094158,346.636994,346.6054301,346.6055023,346.636994,346.636994,346.636994,349.4771557,780,1,[2.8675418000202626],[2.8675574000226334],final,1,2024-11-11_11h13.11.595,Intentional binding,2024.1.5,None,2024-11-11 11h13.27.939400 +0530
0.7,1000,exp,4,6,54,5,349.491495,,349.4786353,349.491495,350.4913386,350.4913386,350.4913386,350.8433114,space,0.3393642,None,350.8453235,351.5573369,351.8862899,351.8554841,351.8555778,351.8862899,351.8862899,351.8862899,355.0252915,898,1,[3.166237199999159],[3.1662584000150673],final,1,2024-11-11_11h13.11.595,Intentional binding,2024.1.5,None,2024-11-11 11h13.27.939400 +0530
0.4,1000,exp,4,9,57,10,366.5357513,,366.5229479,366.5357513,367.5357907,367.5357907,367.5357907,367.5709257,space,0.0201616,None,367.5721733,367.9853613,368.3167328,368.28536,368.285434,368.3167328,368.3167328,368.3167328,371.653045,590,1,[3.3641473000170663],[3.3641640999994706],final,1,2024-11-11_11h13.11.595,Intentional binding,2024.1.5,None,2024-11-11 11h13.27.939400 +0530
0.4,1000,exp,4,10,58,4,371.6673283,,371.6547048,371.6673283,372.6672095,372.6672095,372.6672095,374.0359091,space,1.3605739,None,374.0373125,374.4499515,374.7757652,374.7452147,374.745288,374.7757652,374.7757652,374.7757652,377.0676452,509,1,[2.318837800004985],[2.318856900004903],final,1,2024-11-11_11h13.11.595,Intentional binding,2024.1.5,None,2024-11-11 11h13.27.939400 +0530
0.1,1000,exp,4,11,59,3,377.0822029,,377.069112,377.0822029,378.0819968,378.0819968,378.0819968,378.6014992,space,0.516596,None,378.602885,378.7151927,379.0463561,379.0152706,379.0153435,379.0463561,379.0463561,379.0463561,383.6655526,209,1,[4.646935299999313],[4.64694989999407],final,1,2024-11-11_11h13.11.595,Intentional binding,2024.1.5,None,2024-11-11 11h13.27.939400 +0530
0.4,1000,exp,5,1,61,4,387.8611759,,387.8479471,387.8611759,388.8612231,388.8612231,388.8612231,391.7789674,space,2.9030484,None,391.780219,392.1932246,392.5272596,392.4958241,392.4958948,392.5272596,392.5272596,392.5272596,395.6268409,590,1,[3.1277670999988914],[3.1277800999814644],final,1,2024-11-11_11h13.11.595,Intentional binding,2024.1.5,None,2024-11-11 11h13.27.939400 +0530
0.7,1000,exp,5,2,62,5,395.6418586,,395.6283425,395.6418586,396.6418654,396.6418654,396.6418654,396.6778657,space,0.0333301,None,396.6792953,397.3916676,397.7270751,397.6955576,397.6956302,397.7270751,397.7270751,397.7270751,409.2395951,530,1,[11.54041159999906],[11.540425499988487],final,1,2024-11-11_11h13.11.595,Intentional binding,2024.1.5,None,2024-11-11 11h13.27.939400 +0530
0.1,1000,exp,5,3,63,3,409.25366,,409.240954,409.25366,410.254092,410.254092,410.254092,410.5732321,space,0.3152242,None,410.5750736,410.6874384,411.0193037,410.9854299,410.9855279,411.0193037,411.0193037,411.0193037,414.4385553,300,1,[3.4494184000068344],[3.449433500005398],final,1,2024-11-11_11h13.11.595,Intentional binding,2024.1.5,None,2024-11-11 11h13.27.939400 +0530
0.7,1000,exp,5,5,65,11,418.4016098,,418.3889449,418.4016098,419.4016086,419.4016086,419.4016086,419.4372535,space,0.0227737,None,419.4386869,420.151109,420.4872939,420.4552006,420.4552974,420.4872939,420.4872939,420.4872939,423.2855612,490,1,[2.8267509999859612],[2.82676550000906],final,1,2024-11-11_11h13.11.595,Intentional binding,2024.1.5,None,2024-11-11 11h13.27.939400 +0530
0.7,1000,exp,5,6,66,8,423.3000917,,423.2869925,423.3000917,424.2999979,424.2999979,424.2999979,426.9516865,space,2.6483307,None,426.9531158,427.6652847,427.9979667,427.9651055,427.9652026,427.9979667,427.9979667,427.9979667,430.6497675,389,1,[2.6807095000112895],[2.6807245000090916],final,1,2024-11-11_11h13.11.595,Intentional binding,2024.1.5,None,2024-11-11 11h13.27.939400 +0530
0.4,1000,exp,5,7,67,10,430.6643949,,430.6513486,430.6643949,431.6641309,431.6641309,431.6641309,431.8497944,space,0.1822896,None,431.8510897,432.2637554,432.5975815,432.5653787,432.5654511,432.5975815,432.5975815,432.5975815,434.6485574,578,1,[2.0796572000253946],[2.079674000007799],final,1,2024-11-11_11h13.11.595,Intentional binding,2024.1.5,None,2024-11-11 11h13.27.939400 +0530
0.1,1000,exp,5,8,68,9,434.6627802,,434.6501818,434.6627802,435.6628885,435.6628885,435.6628885,436.6814148,space,1.0094532,None,436.6827931,436.7956381,437.126337,437.0953385,437.0954154,437.126337,437.126337,437.126337,438.9970622,675,1,[1.8981778000015765],[1.898195299989311],final,1,2024-11-11_11h13.11.595,Intentional binding,2024.1.5,None,2024-11-11 11h13.27.939400 +0530
0.4,1000,exp,5,10,70,7,443.4431238,,443.4301786,443.4431238,444.4429735,444.4429735,444.4429735,445.7949888,space,1.3353393,None,445.7962525,446.2090397,446.5377454,446.5051154,446.5052162,446.5377454,446.5377454,446.5377454,449.5102773,245,1,[3.0014832000015303],[3.0014984000008553],final,1,2024-11-11_11h13.11.595,Intentional binding,2024.1.5,None,2024-11-11 11h13.27.939400 +0530
0.1,1000,exp,5,11,71,6,449.5244275,,449.5118546,449.5244275,450.5243746,450.5243746,450.5243746,452.3098768,space,1.774165,None,452.3112042,452.4236646,452.759413,452.7257138,452.7257867,452.759413,452.759413,452.759413,454.5581589,268,1,[1.8286590999923646],[1.8286733999848366],final,1,2024-11-11_11h13.11.595,Intentional binding,2024.1.5,None,2024-11-11 11h13.27.939400 +0530
0.7,1000,exp,6,0,72,5,454.5727541,,454.559625,454.5727541,455.5726024,455.5726024,455.5726024,456.3911078,space,0.8023861,None,456.3923395,457.1056083,457.4379104,457.4056696,457.4057391,457.4379104,457.4379104,457.4379104,465.2216058,153,1,[7.8123076999909244],[7.812322599987965],final,1,2024-11-11_11h13.11.595,Intentional binding,2024.1.5,None,2024-11-11 11h13.27.939400 +0530
0.1,1000,exp,6,1,73,6,465.2360969,,465.2231775,465.2360969,466.2358466,466.2358466,466.2358466,466.6875381,space,0.4345496,None,466.6888691,466.8021895,467.1386965,467.1054297,467.1055067,467.1386965,467.1386965,467.1386965,471.0029729,378,1,[3.8940719999955036],[3.8940862999879755],final,1,2024-11-11_11h13.11.595,Intentional binding,2024.1.5,None,2024-11-11 11h13.27.939400 +0530
0.7,1000,exp,6,2,74,8,471.017356,,471.0047216,471.017356,472.0167803,472.0167803,472.0167803,472.5694645,space,0.5488837,None,472.5708887,473.2832248,473.6175484,473.5855229,473.5855943,473.6175484,473.6175484,473.6175484,476.1346435,989,1,[2.5453431000059936],[2.5453590000106487],final,1,2024-11-11_11h13.11.595,Intentional binding,2024.1.5,None,2024-11-11 11h13.27.939400 +0530
0.7,1000,exp,6,3,75,11,476.1488482,,476.1361865,476.1488482,477.148474,477.148474,477.148474,478.6338517,space,1.4791406,None,478.6353396,479.3479152,479.6764148,479.6452831,479.6453575,479.6764148,479.6764148,479.6764148,482.0823083,555,1,[2.4334240999887697],[2.4334389999858104],final,1,2024-11-11_11h13.11.595,Intentional binding,2024.1.5,None,2024-11-11 11h13.27.939400 +0530
0.4,1000,exp,6,4,76,4,482.0967613,,482.0837279,482.0967613,483.0967735,483.0967735,483.0967735,485.1481359,space,2.0449865,None,485.1493858,485.5625589,485.8982085,485.8658426,485.8659141,485.8982085,485.8982085,485.8982085,487.663941,654,1,[1.7935604000231251],[1.7935772000055294],final,1,2024-11-11_11h13.11.595,Intentional binding,2024.1.5,None,2024-11-11 11h13.27.939400 +0530
0.4,1000,exp,6,5,77,10,487.6781018,,487.665503,487.6781018,488.6782651,488.6782651,488.6782651,489.5427517,space,0.8605877,None,489.5444259,489.9502491,490.2834521,490.2509713,490.251036,490.2834521,490.2834521,490.2834521,494.5284002,545,1,[4.274098800000502],[4.274113999999827],final,1,2024-11-11_11h13.11.595,Intentional binding,2024.1.5,None,2024-11-11 11h13.27.939400 +0530
0.1,1000,exp,6,7,79,3,502.4230035,,502.4100719,502.4230035,503.423489,503.423489,503.423489,503.958769,space,0.5296882,None,503.9603485,504.0729544,504.4071691,504.3754222,504.3754938,504.4071691,504.4071691,504.4071691,506.7410779,589,1,[2.36201159999473],[2.362028500007],final,1,2024-11-11_11h13.11.595,Intentional binding,2024.1.5,None,2024-11-11 11h13.27.939400 +0530
0.4,1000,exp,6,10,82,7,518.4846234,,518.4719186,518.4846234,519.4843123,519.4843123,519.4843123,519.7369511,space,0.2485857,None,519.7383523,520.1511003,520.4886463,520.4552787,520.4553496,520.4886463,520.4886463,520.4886463,529.4660228,786,1,[9.007248600013554],[9.007264000014402],final,1,2024-11-11_11h13.11.595,Intentional binding,2024.1.5,None,2024-11-11 11h13.27.939400 +0530
0.1,1000,exp,6,11,83,9,529.4802248,,529.4674545,529.4802248,530.4804262,530.4804262,530.4804262,533.7142252,space,3.216487,None,533.7161092,533.8291062,534.1570996,534.1252211,534.1252936,534.1570996,534.1570996,534.1570996,537.2471045,234,1,[3.1178976999945007],[3.1179122000175994],final,1,2024-11-11_11h13.11.595,Intentional binding,2024.1.5,None,2024-11-11 11h13.27.939400 +0530
0.4,1000,exp,7,0,84,10,537.2615868,,537.2485437,537.2615868,538.2615474,538.2615474,538.2615474,554.9735373,space,16.7024676,None,554.9745481,555.3885203,555.7072998,555.684689,555.6847202,555.7072998,555.7072998,555.7072998,563.7204282,579,1,[8.033480199985206],[8.03349370000069],final,1,2024-11-11_11h13.11.595,Intentional binding,2024.1.5,None,2024-11-11 11h13.27.939400 +0530
0.7,1000,exp,7,1,85,8,563.7354091,,563.721985,563.7354091,564.7353767,564.7353767,564.7353767,565.3538928,space,0.6112899,None,565.3551747,566.0681458,566.3942886,566.3650607,566.3651251,566.3942886,566.3942886,566.3942886,571.5687841,671,1,[5.199960800004192],[5.199974699993618],final,1,2024-11-11_11h13.11.595,Intentional binding,2024.1.5,None,2024-11-11 11h13.27.939400 +0530
0.7,1000,exp,7,2,86,5,571.5833382,,571.5701975,571.5833382,572.5832679,572.5832679,572.5832679,573.8183896,space,1.2275741,None,573.8196805,574.5325688,574.8647982,574.8354906,574.8355594,574.8647982,574.8647982,574.8647982,581.0159798,143,1,[6.177025599987246],[6.177040999988094],final,1,2024-11-11_11h13.11.595,Intentional binding,2024.1.5,None,2024-11-11 11h13.27.939400 +0530
0.4,1000,exp,7,3,87,7,581.0304735,,581.0174169,581.0304735,582.0301446,582.0301446,582.0301446,582.2491378,space,0.2134023,None,582.2504053,582.6631757,582.994247,582.9653697,582.965432,582.994247,582.994247,582.994247,586.3635442,888,1,[3.3950085999967996],[3.39502279998851],final,1,2024-11-11_11h13.11.595,Intentional binding,2024.1.5,None,2024-11-11 11h13.27.939400 +0530
0.1,1000,exp,7,5,89,6,590.3107014,,590.2976091,590.3107014,591.3102949,591.3102949,591.3102949,591.860487,space,0.546789,None,591.86108,591.9762006,592.3062946,592.2759047,592.2759796,592.3062946,592.3062946,592.3062946,594.5769777,233,1,[2.297688799997559],[2.297702500014566],final,1,2024-11-11_11h13.11.595,Intentional binding,2024.1.5,None,2024-11-11 11h13.27.939400 +0530
0.7,1000,exp,7,6,90,11,594.5919734,,594.5785329,594.5919734,595.5921455,595.5921455,595.5921455,596.8945924,space,1.2997109,None,596.895853,597.6081357,597.936367,597.9048956,597.9049624,597.936367,597.936367,597.936367,600.2428711,566,1,[2.3343022000044584],[2.334318000008352],final,1,2024-11-11_11h13.11.595,Intentional binding,2024.1.5,None,2024-11-11 11h13.27.939400 +0530
0.1,1000,exp,7,7,91,3,600.257142,,600.2446263,600.257142,601.2569505,601.2569505,601.2569505,603.2251638,space,1.9529123,None,603.2264178,603.3395165,603.6652419,603.6350587,603.6351468,603.6652419,603.6652419,603.6652419,605.8243839,234,1,[2.1860247000004165],[2.1860408000065945],final,1,2024-11-11_11h13.11.595,Intentional binding,2024.1.5,None,2024-11-11 11h13.27.939400 +0530
0.1,1000,exp,7,8,92,9,605.8385844,,605.825876,605.8385844,606.8383662,606.8383662,606.8383662,607.8244797,space,0.9836478,None,607.8258404,607.9380138,608.2683199,608.235875,608.2359757,608.2683199,608.2683199,608.2683199,611.3222431,456,1,[3.0828729999775533],[3.0828884999791626],final,1,2024-11-11_11h13.11.595,Intentional binding,2024.1.5,None,2024-11-11 11h13.27.939400 +0530
0.4,1000,exp,7,11,95,4,621.0335759,,621.020724,621.0335759,622.0334912,622.0334912,622.0334912,622.8350256,space,0.7855056,None,622.8368303,623.2495969,623.5756306,623.545302,623.5453982,623.5756306,623.5756306,623.5756306,625.7842691,678,1,[2.235479899973143],[2.2354945999977645],final,1,2024-11-11_11h13.11.595,Intentional binding,2024.1.5,None,2024-11-11 11h13.27.939400 +0530
0.4,1000,exp,8,0,96,10,625.798637,,625.7858055,625.798637,626.7983779,626.7983779,626.7983779,628.6668804,space,1.8572946,None,628.6681845,629.0802755,629.4183085,629.381199,629.3814332,629.4183085,629.4183085,629.4183085,632.7485205,678,1,[3.3636509999923874],[3.3636670999985654],final,1,2024-11-11_11h13.11.595,Intentional binding,2024.1.5,None,2024-11-11 11h13.27.939400 +0530
0.7,1000,exp,8,1,97,8,632.7623337,,632.7501255,632.7623337,633.7622156,633.7622156,633.7622156,635.4475007,space,1.6710864,None,635.448806,636.161029,636.4994379,636.4658356,636.4659172,636.4994379,636.4994379,636.4994379,638.2953895,688,1,[1.8167058000108227],[1.8167190999956802],final,1,2024-11-11_11h13.11.595,Intentional binding,2024.1.5,None,2024-11-11 11h13.27.939400 +0530
0.1,1000,exp,8,2,98,9,638.3103885,,638.2968747,638.3103885,639.3103306,639.3103306,639.3103306,640.7122557,space,1.397139,None,640.7136597,640.8263325,641.1574185,641.1255776,641.1256742,641.1574185,641.1574185,641.1574185,645.8763109,983,1,[4.74730190000264],[4.747315299988259],final,1,2024-11-11_11h13.11.595,Intentional binding,2024.1.5,None,2024-11-11 11h13.27.939400 +0530
0.7,1000,exp,8,3,99,11,645.8913222,,645.8778615,645.8913222,646.8914401,646.8914401,646.8914401,648.4763724,space,1.5807012,None,648.4776204,649.1902754,649.5165851,649.4849497,649.4850505,649.5165851,649.5165851,649.5165851,651.7915841,568,1,[2.303224399976898],[2.303239400003804],final,1,2024-11-11_11h13.11.595,Intentional binding,2024.1.5,None,2024-11-11 11h13.27.939400 +0530
0.4,1000,exp,8,4,100,7,651.8058579,,651.7930557,651.8058579,652.8060419,652.8060419,652.8060419,653.991415,space,1.1818788,None,653.9926778,654.4056707,654.7345867,654.7049799,654.7050606,654.7345867,654.7345867,654.7345867,658.9394108,783,1,[4.231107200001134],[4.23112179999589],final,1,2024-11-11_11h13.11.595,Intentional binding,2024.1.5,None,2024-11-11 11h13.27.939400 +0530
0.7,1000,exp,8,5,101,5,658.953792,,658.9409305,658.953792,659.9540565,659.9540565,659.9540565,660.5890717,space,0.6174796,None,660.5904906,661.3033411,661.6365475,661.6051728,661.6052692,661.6365475,661.6365475,661.6365475,665.0542678,677,1,[3.445398199983174],[3.445413000008557],final,1,2024-11-11_11h13.11.595,Intentional binding,2024.1.5,None,2024-11-11 11h13.27.939400 +0530
0.4,1000,exp,8,6,102,4,665.0686914,,665.0557683,665.0686914,666.0685059,666.0685059,666.0685059,666.770805,space,0.6948003,None,666.7720874,667.1848169,667.5169561,667.4850333,667.4851059,667.5169561,667.5169561,667.5169561,669.8023033,257,1,[2.3138778999855276],[2.313891199999489],final,1,2024-11-11_11h13.11.595,Intentional binding,2024.1.5,None,2024-11-11 11h13.27.939400 +0530
0.1,1000,exp,8,8,104,6,680.3470001,,680.3341061,680.3470001,681.3466875,681.3466875,681.3466875,682.5819782,space,1.2293409,None,682.5832356,682.6962079,683.0281344,682.9953642,682.9954381,683.0281344,683.0281344,683.0281344,687.0964491,278,1,[4.097584000002826],[4.097646000009263],final,1,2024-11-11_11h13.11.595,Intentional binding,2024.1.5,None,2024-11-11 11h13.27.939400 +0530
0.1,1000,exp,8,9,105,3,687.1114159,,687.0978986,687.1114159,688.1113177,688.1113177,688.1113177,690.0291566,space,1.9004462,None,690.0304043,690.1437942,690.4796277,690.446129,690.4461975,690.4796277,690.4796277,690.4796277,692.8450601,367,1,[2.3954163000162225],[2.395432199991774],final,1,2024-11-11_11h13.11.595,Intentional binding,2024.1.5,None,2024-11-11 11h13.27.939400 +0530
0.1,1000,exp,9,0,108,3,704.3222493,,704.3090713,704.3222493,705.322092,705.322092,705.322092,705.4409614,space,0.1050083,None,705.4422829,705.5552261,705.8866461,705.855268,705.8553501,705.8866461,705.8866461,705.8866461,708.373,667,1,[2.514218600001186],[2.5142329999944195],final,1,2024-11-11_11h13.11.595,Intentional binding,2024.1.5,None,2024-11-11 11h13.27.939400 +0530
0.1,1000,exp,9,2,110,9,712.3196255,,712.3066047,712.3196255,713.3193297,713.3193297,713.3193297,718.2033177,space,4.8688791,None,718.2052146,718.3177088,718.6462734,718.6152367,718.6153396,718.6462734,718.6462734,718.6462734,724.3009037,876,1,[5.681892499997048],[5.681907100020908],final,1,2024-11-11_11h13.11.595,Intentional binding,2024.1.5,None,2024-11-11 11h13.27.939400 +0530
0.7,1000,exp,9,3,111,11,724.3152796,,724.3023457,724.3152796,725.3160382,725.3160382,725.3160382,726.4341648,space,1.1062175,None,726.4358003,727.1479639,727.4768057,727.4454933,727.4455675,727.4768057,727.4768057,727.4768057,730.6492122,289,1,[3.200251299975207],[3.2002681999874767],final,1,2024-11-11_11h13.11.595,Intentional binding,2024.1.5,None,2024-11-11 11h13.27.939400 +0530
0.7,1000,exp,9,5,113,5,739.1437853,,739.1306161,739.1437853,740.1437824,740.1437824,740.1437824,743.2286601,space,3.0804322,None,743.2299305,743.9424388,744.2782065,744.2454194,744.2454901,744.2782065,744.2782065,744.2782065,747.1932704,890,1,[2.94447400001809],[2.9444902000250295],final,1,2024-11-11_11h13.11.595,Intentional binding,2024.1.5,None,2024-11-11 11h13.27.939400 +0530
0.4,1000,exp,9,6,114,10,747.207931,,747.1948269,747.207931,748.2075912,748.2075912,748.2075912,748.2933699,space,0.0790557,None,748.2948113,748.7071506,749.032384,749.0046548,749.0046992,749.032384,749.032384,749.032384,753.5740424,789,1,[4.5667345999972895],[4.566748599987477],final,1,2024-11-11_11h13.11.595,Intentional binding,2024.1.5,None,2024-11-11 11h13.27.939400 +0530
0.1,1000,exp,9,7,115,6,753.5890841,,753.5757681,753.5890841,754.5882708,754.5882708,754.5882708,755.3570928,space,0.7556589,None,755.3594783,755.4710246,755.8062672,755.7753473,755.7754177,755.8062672,755.8062672,755.8062672,758.7891796,678,1,[3.0104145999939647],[3.010429899994051],final,1,2024-11-11_11h13.11.595,Intentional binding,2024.1.5,None,2024-11-11 11h13.27.939400 +0530
0.7,1000,exp,9,8,116,8,758.8035077,,758.7906385,758.8035077,759.8036367,759.8036367,759.8036367,760.7057317,space,0.8848114,None,760.7070067,761.4199979,761.7446521,761.7150196,761.7150925,761.7446521,761.7446521,761.7446521,763.4877025,345,1,[1.7695836999919266],[1.7696013000095263],final,1,2024-11-11_11h13.11.595,Intentional binding,2024.1.5,None,2024-11-11 11h13.27.939400 +0530
0.4,1000,exp,9,9,117,7,763.502223,,763.4891219,763.502223,764.5021421,764.5021421,764.5021421,769.2692804,space,4.7585271,None,769.2705988,769.6837231,770.0164262,769.9854593,769.9855273,770.0164262,770.0164262,770.0164262,773.8344925,800,1,[3.845552000013413],[3.8455676999874413],final,1,2024-11-11_11h13.11.595,Intentional binding,2024.1.5,None,2024-11-11 11h13.27.939400 +0530
0.4,1000,exp,9,11,119,4,781.9128664,,781.8997447,781.9128664,782.9125475,782.9125475,782.9125475,783.8645534,space,0.9427079,None,783.8660207,784.2787389,784.6080517,784.5754338,784.5755052,784.6080517,784.6080517,784.6080517,787.7301146,765,1,[3.1508217999944463],[3.150838500005193],final,1,2024-11-11_11h13.11.595,Intentional binding,2024.1.5,None,2024-11-11 11h13.27.939400 +0530
0.4,1000,exp,10,0,120,10,787.7441909,,787.7316803,787.7441909,788.7438924,788.7438924,788.7438924,789.4962695,space,0.7441968,None,789.4975407,789.910225,790.246104,790.2151826,790.2152547,790.246104,790.246104,790.246104,792.9448753,345,1,[2.7263789999997243],[2.7263953000074252],final,1,2024-11-11_11h13.11.595,Intentional binding,2024.1.5,None,2024-11-11 11h13.27.939400 +0530
0.1,1000,exp,10,1,121,3,792.9591049,,792.9464756,792.9591049,793.9590105,793.9590105,793.9590105,795.2269143,space,1.2503951,None,795.2282048,795.3416736,795.6760517,795.6453384,795.6454042,795.6760517,795.6760517,795.6760517,799.5586283,675,1,[3.9097865999792702],[3.9098010000016075],final,1,2024-11-11_11h13.11.595,Intentional binding,2024.1.5,None,2024-11-11 11h13.27.939400 +0530
0.7,1000,exp,10,2,122,8,799.5737657,,799.5600643,799.5737657,800.5733242,800.5733242,800.5733242,801.3919084,space,0.8027066,None,801.3931804,802.1062444,802.4382881,802.4052384,802.405314,802.4382881,802.4382881,802.4382881,805.0736993,987,1,[2.6648530999955256],[2.6648684999963734],final,1,2024-11-11_11h13.11.595,Intentional binding,2024.1.5,None,2024-11-11 11h13.27.939400 +0530
0.4,1000,exp,10,4,124,4,812.019248,,812.0063265,812.019248,813.0190913,813.0190913,813.0190913,815.1210343,space,2.0973389,None,815.1222783,815.5351175,815.8671274,815.835117,815.8351889,815.8671274,815.8671274,815.8671274,817.7030644,654,1,[1.864398000005167],[1.8644124999991618],final,1,2024-11-11_11h13.11.595,Intentional binding,2024.1.5,None,2024-11-11 11h13.27.939400 +0530
0.7,1000,exp,10,6,126,5,827.1971343,,827.1845775,827.1971343,828.1973722,828.1973722,828.1973722,828.8660412,space,0.6651295,None,828.8672922,829.5803492,829.9056194,829.8749661,829.8750337,829.9056194,829.9056194,829.9056194,834.7971066,988,1,[4.919022899994161],[4.9190400000079535],final,1,2024-11-11_11h13.11.595,Intentional binding,2024.1.5,None,2024-11-11 11h13.27.939400 +0530
0.1,1000,exp,10,7,127,9,834.8114384,,834.7985584,834.8114384,835.8114166,835.8114166,835.8114166,838.9793011,space,3.1513237,None,838.9805723,839.0936746,839.4288991,839.3961699,839.3962455,839.4288991,839.4288991,839.4288991,841.7781321,567,1,[2.3784699000243563],[2.3784845000191126],final,1,2024-11-11_11h13.11.595,Intentional binding,2024.1.5,None,2024-11-11 11h13.27.939400 +0530
0.1,1000,exp,10,8,128,6,841.7927058,,841.77961,841.7927058,842.7925567,842.7925567,842.7925567,842.9446087,space,0.1343915,None,842.9458919,843.0591023,843.3869069,843.3551074,843.3551809,843.3869069,843.3869069,843.3869069,846.6604099,766,1,[3.3014713999873493],[3.3014875999942888],final,1,2024-11-11_11h13.11.595,Intentional binding,2024.1.5,None,2024-11-11 11h13.27.939400 +0530
0.7,1000,exp,10,9,129,11,846.6744812,,846.6619758,846.6744812,847.6743528,847.6743528,847.6743528,847.8098991,space,0.1278883,None,847.8112823,848.5237122,848.8571707,848.8256548,848.8257296,848.8571707,848.8571707,848.8571707,850.8585557,999,1,[2.02928270000848],[2.029298200010089],final,1,2024-11-11_11h13.11.595,Intentional binding,2024.1.5,None,2024-11-11 11h13.27.939400 +0530
0.4,1000,exp,10,11,131,7,856.5043158,,856.4913811,856.5043158,857.5042341,857.5042341,857.5042341,859.0387688,space,1.5246817,None,859.0399599,859.4533919,859.7865575,859.7551022,859.7551737,859.7865575,859.7865575,859.7865575,862.6713202,908,1,[2.9128530000161845],[2.9128678000124637],final,1,2024-11-11_11h13.11.595,Intentional binding,2024.1.5,None,2024-11-11 11h13.27.939400 +0530
0.7,1000,exp,11,0,132,8,862.6855945,,862.6728142,862.6855945,863.6853411,863.6853411,863.6853411,864.6873635,space,0.9854387,None,864.6886177,865.4015403,865.7373635,865.7052652,865.705339,865.7373635,865.7373635,865.7373635,868.135548,999,1,[2.4267344000109006],[2.4267498000117484],final,1,2024-11-11_11h13.11.595,Intentional binding,2024.1.5,None,2024-11-11 11h13.27.939400 +0530
0.7,1000,exp,11,2,134,11,873.7144884,,873.7012796,873.7144884,874.7144796,874.7144796,874.7144796,875.3166206,space,0.5871254,None,875.3180374,876.0305787,876.3675736,876.33537,876.3354429,876.3675736,876.3675736,876.3675736,878.9647223,890,1,[2.6256273000035435],[2.6256408000190277],final,1,2024-11-11_11h13.11.595,Intentional binding,2024.1.5,None,2024-11-11 11h13.27.939400 +0530
0.7,1000,exp,11,3,135,5,878.9795557,,878.9661834,878.9795557,879.9794928,879.9794928,879.9794928,880.6654714,space,0.6747122,None,880.6668761,881.3790087,881.70839,881.6753747,881.6754459,881.70839,881.70839,881.70839,883.9803027,678,1,[2.301251400000183],[2.3012661000248045],final,1,2024-11-11_11h13.11.595,Intentional binding,2024.1.5,None,2024-11-11 11h13.27.939400 +0530
0.1,1000,exp,11,4,136,6,883.9944015,,883.9819107,883.9944015,884.9943302,884.9943302,884.9943302,885.2631041,space,0.2627488,None,885.2648056,885.3774909,885.7070086,885.6752143,885.6752934,885.7070086,885.7070086,885.7070086,888.3619722,678,1,[2.683024199999636],[2.6830385999928694],final,1,2024-11-11_11h13.11.595,Intentional binding,2024.1.5,None,2024-11-11 11h13.27.939400 +0530
0.1,1000,exp,11,5,137,9,888.3763291,,888.3634316,888.3763291,889.3760994,889.3760994,889.3760994,890.2286969,space,0.8495968,None,890.2299958,890.3426212,890.6766428,890.6453867,890.6454602,890.6766428,890.6766428,890.6766428,892.6766328,987,1,[2.027832899999339],[2.0278459999826737],final,1,2024-11-11_11h13.11.595,Intentional binding,2024.1.5,None,2024-11-11 11h13.27.939400 +0530
0.4,1000,exp,11,6,138,10,892.6915054,,892.6781073,892.6915054,893.6915025,893.6915025,893.6915025,894.6603658,space,0.9537345,None,894.6616325,895.0743189,895.408564,895.375742,895.3758084,895.408564,895.408564,895.408564,898.1414032,789,1,[2.762130100018112],[2.7621441000082996],final,1,2024-11-11_11h13.11.595,Intentional binding,2024.1.5,None,2024-11-11 11h13.27.939400 +0530
0.4,1000,exp,11,7,139,7,898.1563382,,898.1429595,898.1563382,899.1563615,899.1563615,899.1563615,899.7917709,space,0.6241462,None,899.793206,900.2059347,900.5382876,900.5049045,900.5049825,900.5382876,900.5382876,900.5382876,903.4567443,897,1,[2.9482329999736976],[2.9482475999975577],final,1,2024-11-11_11h13.11.595,Intentional binding,2024.1.5,None,2024-11-11 11h13.27.939400 +0530
0.1,1000,exp,11,10,142,3,913.2846604,,913.271214,913.2846604,914.2845179,914.2845179,914.2845179,914.903906,space,0.6057147,None,914.9053828,915.017623,915.347118,915.3151138,915.3151861,915.347118,915.347118,915.347118,917.8028326,789,1,[2.483635799988406],[2.483653499977663],final,1,2024-11-11_11h13.11.595,Intentional binding,2024.1.5,None,2024-11-11 11h13.27.939400 +0530
0.4,1000,exp,11,11,143,4,917.8164107,,917.8046017,917.8164107,918.8163712,918.8163712,918.8163712,920.9006569,space,2.0821345,None,920.9015253,921.3153591,921.6506689,921.6150896,921.6151928,921.6506689,921.6506689,921.6506689,924.2827731,789,1,[2.664234399999259],[2.6642489999940153],final,1,2024-11-11_11h13.11.595,Intentional binding,2024.1.5,None,2024-11-11 11h13.27.939400 +0530
0.1,1000,exp,12,0,144,6,924.2976246,,924.2842701,924.2976246,925.2973757,925.2973757,925.2973757,929.365526,space,4.0534105,None,929.3667872,929.4794408,929.8066475,929.7751359,929.7752118,929.8066475,929.8066475,929.8066475,932.1479115,567,1,[2.3694831999891903],[2.3694983999885153],final,1,2024-11-11_11h13.11.595,Intentional binding,2024.1.5,None,2024-11-11 11h13.27.939400 +0530
0.4,1000,exp,12,2,146,7,937.2098345,,937.1964163,937.2098345,938.209849,938.209849,938.209849,939.2285785,space,1.0155904,None,939.2298495,939.6426386,939.9763203,939.9458437,939.9459114,939.9763203,939.9763203,939.9763203,942.0772991,677,1,[2.127977299998747],[2.1279933000041638],final,1,2024-11-11_11h13.11.595,Intentional binding,2024.1.5,None,2024-11-11 11h13.27.939400 +0530
0.1,1000,exp,12,3,147,3,942.0916141,,942.0791304,942.0916141,943.091539,943.091539,943.091539,945.7762728,space,2.6748453,None,945.777685,945.8907424,946.2266877,946.1954048,946.1954811,946.2266877,946.2266877,946.2266877,979.1813659,567,1,[32.98264159998507],[32.98265309998533],final,1,2024-11-11_11h13.11.595,Intentional binding,2024.1.5,None,2024-11-11 11h13.27.939400 +0530
0.7,1000,exp,12,5,149,5,986.7607345,,986.7477609,986.7607345,987.7605313,987.7605313,987.7605313,988.8954076,space,1.1172481,None,988.8966986,989.6098538,989.9356361,989.9050872,989.9051529,989.9356361,989.9356361,989.9356361,991.3948564,467,1,[1.486549199995352],[1.486565100000007],final,1,2024-11-11_11h13.11.595,Intentional binding,2024.1.5,None,2024-11-11 11h13.27.939400 +0530
0.7,1000,exp,12,6,150,8,991.4090744,,991.3964087,991.4090744,992.4089622,992.4089622,992.4089622,993.1607545,space,0.7350656,None,993.1620099,993.8748335,994.2076767,994.175498,994.1755712,994.2076767,994.2076767,994.2076767,996.8095801,677,1,[2.63053100000252],[2.63054749998264],final,1,2024-11-11_11h13.11.595,Intentional binding,2024.1.5,None,2024-11-11 11h13.27.939400 +0530
0.4,1000,exp,12,7,151,10,996.8239357,,996.8112162,996.8239357,997.823647,997.823647,997.823647,1001.9899,space,4.1604374,None,1001.990705,1002.405491,1002.73754,1002.705857,1002.705973,1002.73754,1002.73754,1002.73754,1010.538527,654,1,[7.8289361000061035],[7.828951800009236],final,1,2024-11-11_11h13.11.595,Intentional binding,2024.1.5,None,2024-11-11 11h13.27.939400 +0530
0.4,1000,exp,12,8,152,4,1010.552501,,1010.539981,1010.552501,1011.552379,1011.552379,1011.552379,1012.021226,space,0.454755,None,1012.022503,1012.435439,1012.766508,1012.735137,1012.73521,1012.766508,1012.766508,1012.766508,1015.153162,678,1,[2.41460950000328],[2.4146257000102196],final,1,2024-11-11_11h13.11.595,Intentional binding,2024.1.5,None,2024-11-11 11h13.27.939400 +0530
0.7,1000,exp,12,10,154,11,1024.297969,,1024.285064,1024.297969,1025.297763,1025.297763,1025.297763,1025.949728,space,0.6428138,None,1025.950984,1026.663924,1026.999893,1026.96553,1026.9656,1026.999893,1026.999893,1026.999893,1029.58183,677,1,[2.6125935000018217],[2.612608800001908],final,1,2024-11-11_11h13.11.595,Intentional binding,2024.1.5,None,2024-11-11 11h13.27.939400 +0530
0.1,1000,exp,12,11,155,9,1029.596225,,1029.583288,1029.596225,1030.595995,1030.595995,1030.595995,1033.846959,space,3.2373957,None,1033.848172,1033.961438,1034.296903,1034.265059,1034.265131,1034.296903,1034.296903,1034.296903,1037.028713,899,1,[2.7603211000096053],[2.760335099999793],final,1,2024-11-11_11h13.11.595,Intentional binding,2024.1.5,None,2024-11-11 11h13.27.939400 +0530
0.4,1000,exp,13,0,156,10,1037.04365,,1037.030092,1037.04365,1038.043607,1038.043607,1038.043607,1038.195476,space,0.1479303,None,1038.196719,1038.610022,1038.935041,1038.904944,1038.905008,1038.935041,1038.935041,1038.935041,1040.911289,356,1,[2.002902499982156],[2.0029171999776736],final,1,2024-11-11_11h13.11.595,Intentional binding,2024.1.5,None,2024-11-11 11h13.27.939400 +0530
0.4,1000,exp,13,2,158,7,1047.356818,,1047.343711,1047.356818,1048.356626,1048.356626,1048.356626,1049.691754,space,1.3265824,None,1049.693148,1050.106047,1050.436792,1050.405153,1050.40523,1050.436792,1050.436792,1050.436792,1053.090451,466,1,[2.681819199991878],[2.6818344999919645],final,1,2024-11-11_11h13.11.595,Intentional binding,2024.1.5,None,2024-11-11 11h13.27.939400 +0530
0.1,1000,exp,13,3,159,9,1053.10479,,1053.091986,1053.10479,1054.104838,1054.104838,1054.104838,1055.389739,space,1.27964,None,1055.391062,1055.504104,1055.837098,1055.805692,1055.805764,1055.837098,1055.837098,1055.837098,1062.18754,785,1,[6.378299000003608],[6.378313799999887],final,1,2024-11-11_11h13.11.595,Intentional binding,2024.1.5,None,2024-11-11 11h13.27.939400 +0530
0.4,1000,exp,13,4,160,4,1062.201873,,1062.188993,1062.201873,1063.201423,1063.201423,1063.201423,1064.68682,space,1.4701251,None,1064.688244,1065.100968,1065.437152,1065.405132,1065.405225,1065.437152,1065.437152,1065.437152,1068.051885,345,1,[2.6433013000059873],[2.643316400004551],final,1,2024-11-11_11h13.11.595,Intentional binding,2024.1.5,None,2024-11-11 11h13.27.939400 +0530
0.7,1000,exp,13,5,161,5,1068.066614,,1068.053433,1068.066614,1069.066349,1069.066349,1069.066349,1070.035058,space,0.9586374,None,1070.036327,1070.748873,1071.078102,1071.045152,1071.045229,1071.078102,1071.078102,1071.078102,1073.166931,765,1,[2.1182526999909896],[2.118267999991076],final,1,2024-11-11_11h13.11.595,Intentional binding,2024.1.5,None,2024-11-11 11h13.27.939400 +0530
0.1,1000,exp,13,6,162,3,1073.181565,,1073.168466,1073.181565,1074.181047,1074.181047,1074.181047,1074.683283,space,0.4914289,None,1074.684937,1074.797544,1075.127099,1075.095406,1075.095501,1075.127099,1075.127099,1075.127099,1076.99923,234,1,[1.9001904999895487],[1.9002055999881122],final,1,2024-11-11_11h13.11.595,Intentional binding,2024.1.5,None,2024-11-11 11h13.27.939400 +0530
0.7,1000,exp,13,7,163,8,1077.013528,,1077.0008,1077.013528,1078.013272,1078.013272,1078.013272,1079.448785,space,1.4320413,None,1079.450085,1080.162703,1080.500376,1080.465657,1080.465726,1080.500376,1080.500376,1080.500376,1082.214113,897,1,[1.7359030999941751],[1.735918699996546],final,1,2024-11-11_11h13.11.595,Intentional binding,2024.1.5,None,2024-11-11 11h13.27.939400 +0530
0.7,1000,exp,13,8,164,11,1082.228274,,1082.215727,1082.228274,1083.228261,1083.228261,1083.228261,1084.213829,space,0.983044,None,1084.215234,1084.927504,1085.256161,1085.22503,1085.22513,1085.256161,1085.256161,1085.256161,1088.478953,753,1,[3.2502358999918215],[3.250252600002568],final,1,2024-11-11_11h13.11.595,Intentional binding,2024.1.5,None,2024-11-11 11h13.27.939400 +0530
0.1,1000,exp,13,10,166,6,1099.71339,,1099.708102,1099.71339,1100.722532,1100.722532,1100.722532,1100.758183,space,0.021912,None,1100.759579,1100.87235,1101.207524,1101.175401,1101.175474,1101.207524,1101.207524,1101.207524,1103.740041,778,1,[2.5611019000061788],[2.5611160999978893],final,1,2024-11-11_11h13.11.595,Intentional binding,2024.1.5,None,2024-11-11 11h13.27.939400 +0530
0.7,1000,exp,14,2,170,11,1122.548179,,1122.535143,1122.548179,1123.547954,1123.547954,1123.547954,1125.016861,space,1.4568188,None,1125.018138,1125.7304,1126.064552,1126.031287,1126.031359,1126.064552,1126.064552,1126.064552,1128.181739,890,1,[2.146959200006677],[2.1469737000006717],final,1,2024-11-11_11h13.11.595,Intentional binding,2024.1.5,None,2024-11-11 11h13.27.939400 +0530
0.1,1000,exp,14,3,171,3,1128.196192,,1128.183335,1128.196192,1129.196237,1129.196237,1129.196237,1129.915367,space,0.7050033,None,1129.916665,1130.029206,1130.357836,1130.325166,1130.325276,1130.357836,1130.357836,1130.357836,1132.164053,900,1,[1.835227900010068],[1.8352435999840964],final,1,2024-11-11_11h13.11.595,Intentional binding,2024.1.5,None,2024-11-11 11h13.27.939400 +0530
0.1,1000,exp,14,5,173,6,1136.226972,,1136.21418,1136.226972,1137.226826,1137.226826,1137.226826,1137.428678,space,0.1846127,None,1137.430075,1137.543281,1137.877825,1137.845561,1137.84563,1137.877825,1137.877825,1137.877825,1139.361314,456,1,[1.512348899996141],[1.512364099995466],final,1,2024-11-11_11h13.11.595,Intentional binding,2024.1.5,None,2024-11-11 11h13.27.939400 +0530
0.7,1000,exp,14,6,174,8,1139.376084,,1139.36274,1139.376084,1140.375705,1140.375705,1140.375705,1140.694476,space,0.3122338,None,1140.695757,1141.408738,1141.736212,1141.705369,1141.705462,1141.736212,1141.736212,1141.736212,1144.176263,789,1,[2.4669703999825288],[2.4669850999780465],final,1,2024-11-11_11h13.11.595,Intentional binding,2024.1.5,None,2024-11-11 11h13.27.939400 +0530
0.4,1000,exp,14,7,175,10,1144.190835,,1144.177705,1144.190835,1145.191088,1145.191088,1145.191088,1145.742771,space,0.5377331,None,1145.744085,1146.157238,1146.486995,1146.455235,1146.455309,1146.486995,1146.486995,1146.486995,1153.023564,987,1,[6.564749799988931],[6.564765199989779],final,1,2024-11-11_11h13.11.595,Intentional binding,2024.1.5,None,2024-11-11 11h13.27.939400 +0530
0.7,1000,exp,14,8,176,5,1153.038005,,1153.025139,1153.038005,1154.038007,1154.038007,1154.038007,1154.123161,space,0.0703004,None,1154.124713,1154.837668,1155.166606,1155.135178,1155.135244,1155.166606,1155.166606,1155.166606,1160.071354,673,1,[4.932605000009062],[4.932622899999842],final,1,2024-11-11_11h13.11.595,Intentional binding,2024.1.5,None,2024-11-11 11h13.27.939400 +0530
0.4,1000,exp,14,9,177,7,1160.085576,,1160.073046,1160.085576,1161.0854,1161.0854,1161.0854,1161.204524,space,0.1145129,None,1161.205774,1161.618715,1161.946312,1161.915238,1161.915358,1161.946312,1161.946312,1161.946312,1164.519627,863,1,[2.6006062000233214],[2.600624200014863],final,1,2024-11-11_11h13.11.595,Intentional binding,2024.1.5,None,2024-11-11 11h13.27.939400 +0530
0.4,1000,exp,14,10,178,4,1164.534141,,1164.521206,1164.534141,1165.534092,1165.534092,1165.534092,1165.636215,space,0.0985637,None,1165.637522,1166.050672,1166.372325,1166.345001,1166.345053,1166.372325,1166.372325,1166.372325,1168.235334,985,1,[1.8875452000065707],[1.887559599999804],final,1,2024-11-11_11h13.11.595,Intentional binding,2024.1.5,None,2024-11-11 11h13.27.939400 +0530
0.1,1000,exp,14,11,179,9,1168.2495,,1168.236772,1168.2495,1169.249424,1169.249424,1169.249424,1169.268272,space,0.0125716,None,1169.269537,1169.382624,1169.716061,1169.685042,1169.685114,1169.716061,1169.716061,1169.716061,1171.967426,358,1,[2.278788199997507],[2.278810199990403],final,1,2024-11-11_11h13.11.595,Intentional binding,2024.1.5,None,2024-11-11 11h13.27.939400 +0530
0.4,1000,exp,15,0,180,7,1171.981686,,1171.968979,1171.981686,1172.981584,1172.981584,1172.981584,1173.383557,space,0.3967512,None,1173.385001,1173.797825,1174.125971,1174.094932,1174.095008,1174.125971,1174.125971,1174.125971,1176.215845,764,1,[2.117296299984446],[2.117312199989101],final,1,2024-11-11_11h13.11.595,Intentional binding,2024.1.5,None,2024-11-11 11h13.27.939400 +0530
0.1,1000,exp,15,2,182,6,1180.228444,,1180.215882,1180.228444,1181.228504,1181.228504,1181.228504,1181.313989,space,0.0790761,None,1181.315248,1181.428673,1181.755312,1181.724964,1181.725052,1181.755312,1181.755312,1181.755312,1183.87978,432,1,[2.1511968999984674],[2.1512147999892477],final,1,2024-11-11_11h13.11.595,Intentional binding,2024.1.5,None,2024-11-11 11h13.27.939400 +0530
0.7,1000,exp,15,3,183,8,1183.894299,,1183.881439,1183.894299,1184.894066,1184.894066,1184.894066,1184.929938,space,0.0327896,None,1184.931273,1185.643518,1185.975137,1185.945269,1185.945339,1185.975137,1185.975137,1185.975137,1187.645326,345,1,[1.6966301999927964],[1.6966454999928828],final,1,2024-11-11_11h13.11.595,Intentional binding,2024.1.5,None,2024-11-11 11h13.27.939400 +0530
0.4,1000,exp,15,4,184,10,1187.659773,,1187.646894,1187.659773,1188.659555,1188.659555,1188.659555,1188.794996,space,0.1190023,None,1188.796252,1189.209208,1189.537671,1189.505574,1189.505638,1189.537671,1189.537671,1189.537671,1191.927163,876,1,[2.418130600010045],[2.4181469999894034],final,1,2024-11-11_11h13.11.595,Intentional binding,2024.1.5,None,2024-11-11 11h13.27.939400 +0530
0.7,1000,exp,15,5,185,5,1191.941396,,1191.928933,1191.941396,1192.931971,1192.931971,1192.948278,1198.525042,space,5.584253,None,1198.52631,1199.239117,1199.564141,1199.535167,1199.535232,1199.564141,1199.564141,1199.564141,1205.155739,568,1,[5.617391699983273],[5.617405799974222],final,1,2024-11-11_11h13.11.595,Intentional binding,2024.1.5,None,2024-11-11 11h13.27.939400 +0530
0.1,1000,exp,15,7,187,9,1211.151734,,1211.138802,1211.151734,1212.151597,1212.151597,1212.151597,1212.753617,space,0.5976129,None,1212.75542,1212.867948,1213.196461,1213.165221,1213.165295,1213.196461,1213.196461,1213.196461,1215.936184,678,1,[2.7674425000150222],[2.7674587000219617],final,1,2024-11-11_11h13.11.595,Intentional binding,2024.1.5,None,2024-11-11 11h13.27.939400 +0530
0.7,1000,exp,15,9,189,11,1219.38225,,1219.369864,1219.38225,1220.382118,1220.382118,1220.382118,1220.617603,space,0.2280921,None,1220.618813,1221.331482,1221.65979,1221.634599,1221.634641,1221.65979,1221.65979,1221.65979,1223.199459,767,1,[1.562468699994497],[1.5624820000084583],final,1,2024-11-11_11h13.11.595,Intentional binding,2024.1.5,None,2024-11-11 11h13.27.939400 +0530
0.4,1000,exp,15,10,190,4,1223.214077,,1223.200814,1223.214077,1224.213529,1224.213529,1224.213529,1224.664982,space,0.4343107,None,1224.666558,1225.079939,1225.404773,1225.375016,1225.375079,1225.404773,1225.404773,1225.404773,1228.314743,766,1,[2.9365160999877844],[2.9365306999825407],final,1,2024-11-11_11h13.11.595,Intentional binding,2024.1.5,None,2024-11-11 11h13.27.939400 +0530
0.1,1000,exp,15,11,191,3,1228.328903,,1228.316203,1228.328903,1229.328899,1229.328899,1229.328899,1230.097826,space,0.7610276,None,1230.099118,1230.212171,1230.546387,1230.515435,1230.515506,1230.546387,1230.546387,1230.546387,1233.246584,766,1,[2.7277583999966737],[2.727772799989907],final,1,2024-11-11_11h13.11.595,Intentional binding,2024.1.5,None,2024-11-11 11h13.27.939400 +0530
0.4,1000,exp,16,0,192,10,1233.261159,,1233.248156,1233.261159,1234.260794,1234.260794,1234.260794,1234.962937,space,0.69118,None,1234.964155,1235.377255,1235.706384,1235.675654,1235.675728,1235.706384,1235.706384,1235.706384,1239.97784,786,1,[4.29869470000267],[4.298710699978983],final,1,2024-11-11_11h13.11.595,Intentional binding,2024.1.5,None,2024-11-11 11h13.27.939400 +0530
0.1,1000,exp,16,1,193,3,1239.9921,,1239.979351,1239.9921,1240.992029,1240.992029,1240.992029,1242.826782,space,1.8285295,None,1242.828015,1242.941049,1243.276035,1243.245026,1243.245096,1243.276035,1243.276035,1243.276035,1247.491486,658,1,[4.243069899996044],[4.243084699992323],final,1,2024-11-11_11h13.11.595,Intentional binding,2024.1.5,None,2024-11-11 11h13.27.939400 +0530
0.7,1000,exp,16,3,195,8,1251.721512,,1251.708596,1251.721512,1252.721288,1252.721288,1252.721288,1253.756104,space,1.0182159,None,1253.757236,1254.470713,1254.806062,1254.775129,1254.775197,1254.806062,1254.806062,1254.806062,1258.854805,666,1,[4.076084800006356],[4.076100300007965],final,1,2024-11-11_11h13.11.595,Intentional binding,2024.1.5,None,2024-11-11 11h13.27.939400 +0530
0.7,1000,exp,16,4,196,5,1258.869127,,1258.856349,1258.869127,1259.868352,1259.868352,1259.868352,1271.300221,space,11.4156165,None,1271.301539,1272.014723,1272.346763,1272.315012,1272.315084,1272.346763,1272.346763,1272.346763,1275.66577,389,1,[3.3472738999989815],[3.347288099990692],final,1,2024-11-11_11h13.11.595,Intentional binding,2024.1.5,None,2024-11-11 11h13.27.939400 +0530
0.1,1000,exp,16,5,197,6,1275.680112,,1275.667225,1275.680112,1276.680036,1276.680036,1276.680036,1279.431485,space,2.7429706,None,1279.432866,1279.545674,1279.875452,1279.845266,1279.84534,1279.875452,1279.875452,1279.875452,1283.680123,873,1,[3.8313715000113007],[3.8313875000167172],final,1,2024-11-11_11h13.11.595,Intentional binding,2024.1.5,None,2024-11-11 11h13.27.939400 +0530
0.4,1000,exp,16,7,199,4,1289.775415,,1289.762452,1289.775415,1290.775441,1290.775441,1290.775441,1292.942812,space,2.1510005,None,1292.94413,1293.357619,1293.687828,1293.655463,1293.655561,1293.687828,1293.687828,1293.687828,1295.275666,768,1,[1.6166948000027332],[1.6167099000012968],final,1,2024-11-11_11h13.11.595,Intentional binding,2024.1.5,None,2024-11-11 11h13.27.939400 +0530
0.1,1000,exp,16,8,200,9,1295.290161,,1295.277106,1295.290161,1296.28995,1296.28995,1296.28995,1299.241606,space,2.9480957,None,1299.243003,1299.355523,1299.686433,1299.65536,1299.655433,1299.686433,1299.686433,1299.686433,1301.573738,788,1,[1.9147629000071902],[1.9147781000065152],final,1,2024-11-11_11h13.11.595,Intentional binding,2024.1.5,None,2024-11-11 11h13.27.939400 +0530
0.7,1000,exp,16,9,201,11,1301.588074,,1301.575181,1301.588074,1302.587767,1302.587767,1302.587767,1305.106679,space,2.5138095,None,1305.108093,1305.820154,1306.147824,1306.115605,1306.115677,1306.147824,1306.147824,1306.147824,1312.869637,567,1,[6.750554099999135],[6.7505700000037905],final,1,2024-11-11_11h13.11.595,Intentional binding,2024.1.5,None,2024-11-11 11h13.27.939400 +0530
0.4,1000,exp,16,10,202,7,1312.88385,,1312.871127,1312.88385,1313.883981,1313.883981,1313.883981,1314.019723,space,0.1212841,None,1314.021126,1314.43383,1314.766622,1314.73569,1314.735761,1314.766622,1314.766622,1314.766622,1319.101261,421,1,[4.362080399994738],[4.362099999998463],final,1,2024-11-11_11h13.11.595,Intentional binding,2024.1.5,None,2024-11-11 11h13.27.939400 +0530
0.4,1000,exp,17,1,205,7,1329.512089,,1329.498925,1329.512089,1330.511852,1330.511852,1330.511852,1330.59722,space,0.0698496,None,1330.598473,1331.011733,1331.347988,1331.315596,1331.315666,1331.347988,1331.347988,1331.347988,1333.463771,989,1,[2.1447987999999896],[2.1448137999977916],final,1,2024-11-11_11h13.11.595,Intentional binding,2024.1.5,None,2024-11-11 11h13.27.939400 +0530
0.7,1000,exp,17,2,206,5,1333.477349,,1333.465283,1333.477349,1334.477093,1334.477093,1334.477093,1334.679535,space,0.1935496,None,1334.680986,1335.393462,1335.727516,1335.69549,1335.69556,1335.727516,1335.727516,1335.727516,1336.995191,889,1,[1.296045299997786],[1.2960591000155546],final,1,2024-11-11_11h13.11.595,Intentional binding,2024.1.5,None,2024-11-11 11h13.27.939400 +0530
0.7,1000,exp,17,3,207,8,1337.00951,,1336.996659,1337.00951,1338.009471,1338.009471,1338.009471,1341.526841,space,3.500025,None,1341.52808,1342.241318,1342.579369,1342.545315,1342.545413,1342.579369,1342.579369,1342.579369,1344.959242,878,1,[2.4104039999947418],[2.4104214000108186],final,1,2024-11-11_11h13.11.595,Intentional binding,2024.1.5,None,2024-11-11 11h13.27.939400 +0530
0.1,1000,exp,17,4,208,3,1344.973628,,1344.960755,1344.973628,1345.973281,1345.973281,1345.973281,1346.875088,space,0.8853761,None,1346.876332,1346.989497,1347.31889,1347.285292,1347.285363,1347.31889,1347.31889,1347.31889,1349.274275,689,1,[1.9846254000149202],[1.9846398000081535],final,1,2024-11-11_11h13.11.595,Intentional binding,2024.1.5,None,2024-11-11 11h13.27.939400 +0530
0.1,1000,exp,17,5,209,6,1349.288685,,1349.275741,1349.288685,1350.288025,1350.288025,1350.288025,1350.523808,space,0.2325902,None,1350.525561,1350.637833,1350.967813,1350.935396,1350.935469,1350.967813,1350.967813,1350.967813,1353.689095,876,1,[2.7499002999975346],[2.7499156999983825],final,1,2024-11-11_11h13.11.595,Intentional binding,2024.1.5,None,2024-11-11 11h13.27.939400 +0530
0.4,1000,exp,17,6,210,10,1353.703414,,1353.690645,1353.703414,1354.703358,1354.703358,1354.703358,1354.989294,space,0.2831665,None,1354.990632,1355.40282,1355.736968,1355.7055,1355.705568,1355.736968,1355.736968,1355.736968,1360.119441,987,1,[4.410433699988062],[4.410448000009637],final,1,2024-11-11_11h13.11.595,Intentional binding,2024.1.5,None,2024-11-11 11h13.27.939400 +0530
0.1,1000,exp,17,7,211,9,1360.13432,,1360.120885,1360.13432,1361.134518,1361.134518,1361.134518,1361.802955,space,0.6523383,None,1361.804284,1361.917433,1362.247827,1362.214958,1362.215269,1362.247827,1362.247827,1362.247827,1365.235015,567,1,[3.0161038000078406],[3.0161241000168957],final,1,2024-11-11_11h13.11.595,Intentional binding,2024.1.5,None,2024-11-11 11h13.27.939400 +0530
0.7,1000,exp,17,10,214,11,1373.496631,,1373.484054,1373.496631,1374.496488,1374.496488,1374.496488,1375.03197,space,0.5303229,None,1375.033344,1375.745979,1376.078641,1376.045513,1376.045586,1376.078641,1376.078641,1376.078641,1378.047386,980,1,[1.9982436000136659],[1.998258400009945],final,1,2024-11-11_11h13.11.595,Intentional binding,2024.1.5,None,2024-11-11 11h13.27.939400 +0530
0.4,1000,exp,17,11,215,4,1378.061628,,1378.048853,1378.061628,1379.061739,1379.061739,1379.061739,1379.080569,space,0.0099438,None,1379.081857,1379.494704,1379.828864,1379.794957,1379.795032,1379.828864,1379.828864,1379.828864,1382.561761,780,1,[2.7633157999953255],[2.763328300003195],final,1,2024-11-11_11h13.11.595,Intentional binding,2024.1.5,None,2024-11-11 11h13.27.939400 +0530
0.4,1000,exp,18,0,216,4,1382.576752,,1382.563234,1382.576752,1383.576819,1383.576819,1383.576819,1383.612052,space,0.0197024,None,1383.613289,1384.026615,1384.358614,1384.325244,1384.325318,1384.358614,1384.358614,1384.358614,1388.876356,909,1,[4.547746299998835],[4.547759499982931],final,1,2024-11-11_11h13.11.595,Intentional binding,2024.1.5,None,2024-11-11 11h13.27.939400 +0530
0.7,1000,exp,18,1,217,8,1388.891379,,1388.877825,1388.891379,1389.891191,1389.891191,1389.891191,1390.210138,space,0.3086638,None,1390.211422,1390.924212,1391.259972,1391.225553,1391.225622,1391.259972,1391.259972,1391.259972,1395.957487,890,1,[4.728435299999546],[4.7284489999874495],final,1,2024-11-11_11h13.11.595,Intentional binding,2024.1.5,None,2024-11-11 11h13.27.939400 +0530
0.4,1000,exp,18,2,218,7,1395.972499,,1395.959071,1395.972499,1396.972199,1396.972199,1396.972199,1400.973158,space,3.9892675,None,1400.974459,1401.387305,1401.715131,1401.684915,1401.684988,1401.715131,1401.715131,1401.715131,1402.202822,780,1,[0.5141604999953415],[0.5141736999794375],final,1,2024-11-11_11h13.11.595,Intentional binding,2024.1.5,None,2024-11-11 11h13.27.939400 +0530
0.7,1000,exp,18,3,219,5,1402.2084,,1402.20433,1402.2084,1403.203574,1403.203574,1403.220163,1405.155415,space,1.9406982,None,1405.156799,1405.869247,1406.199493,1406.165774,1406.165848,1406.199493,1406.199493,1406.199493,1409.352726,889,1,[3.1818428999977186],[3.181856400013203],final,1,2024-11-11_11h13.11.595,Intentional binding,2024.1.5,None,2024-11-11 11h13.27.939400 +0530
0.7,1000,exp,18,4,220,11,1409.367747,,1409.354273,1409.367747,1410.367682,1410.367682,1410.367682,1417.567408,space,7.1831523,None,1417.568677,1418.281578,1418.616883,1418.585478,1418.585546,1418.616883,1418.616883,1418.616883,1423.46581,678,1,[4.876809999987017],[4.876831699977629],final,1,2024-11-11_11h13.11.595,Intentional binding,2024.1.5,None,2024-11-11 11h13.27.939400 +0530
0.1,1000,exp,18,6,222,9,1434.25951,,1434.24684,1434.25951,1435.259431,1435.259431,1435.259431,1443.826095,space,8.5555169,None,1443.827352,1443.939817,1444.265148,1444.235527,1444.235615,1444.265148,1444.265148,1444.265148,1447.607452,789,1,[3.3681213000090793],[3.3681372000137344],final,1,2024-11-11_11h13.11.595,Intentional binding,2024.1.5,None,2024-11-11 11h13.27.939400 +0530
0.4,1000,exp,18,7,223,10,1447.621699,,1447.609002,1447.621699,1448.621555,1448.621555,1448.621555,1450.089715,space,1.4516554,None,1450.091129,1450.504422,1450.836397,1450.805589,1450.80566,1450.836397,1450.836397,1450.836397,1452.588837,788,1,[1.779827500024112],[1.7798423000203911],final,1,2024-11-11_11h13.11.595,Intentional binding,2024.1.5,None,2024-11-11 11h13.27.939400 +0530
0.1,1000,exp,18,9,225,6,1457.168411,,1457.155437,1457.168411,1458.168409,1458.168409,1458.168409,1458.337378,space,0.1581081,None,1458.338646,1458.451594,1458.785497,1458.755454,1458.755525,1458.785497,1458.785497,1458.785497,1465.601341,899,1,[6.842487199988682],[6.842501800012542],final,1,2024-11-11_11h13.11.595,Intentional binding,2024.1.5,None,2024-11-11 11h13.27.939400 +0530
0.1,1000,exp,18,11,227,3,1471.031312,,1471.01802,1471.031312,1472.030975,1472.030975,1472.030975,1472.699518,space,0.6612948,None,1472.700778,1472.813989,1473.150215,1473.116028,1473.116099,1473.150215,1473.150215,1473.150215,1475.265204,678,1,[2.1445558999839704],[2.1445707000093535],final,1,2024-11-11_11h13.11.595,Intentional binding,2024.1.5,None,2024-11-11 11h13.27.939400 +0530
0.1,1000,exp,19,0,228,9,1475.279865,,1475.26664,1475.279865,1476.279608,1476.279608,1476.279608,1476.865162,space,0.5748846,None,1476.866402,1476.979212,1477.308414,1477.27533,1477.2754,1477.308414,1477.308414,1477.308414,1478.847222,767,1,[1.5683808000176214],[1.5683985000068787],final,1,2024-11-11_11h13.11.595,Intentional binding,2024.1.5,None,2024-11-11 11h13.27.939400 +0530
0.4,1000,exp,19,1,229,7,1478.861857,,1478.848645,1478.861857,1479.861447,1479.861447,1479.861447,1480.280484,space,0.4025801,None,1480.28182,1480.694537,1481.021058,1480.995171,1480.995219,1481.021058,1481.021058,1481.021058,1483.679149,798,1,[2.68116090001422],[2.6811772999935783],final,1,2024-11-11_11h13.11.595,Intentional binding,2024.1.5,None,2024-11-11 11h13.27.939400 +0530
0.1,1000,exp,19,2,230,6,1483.69351,,1483.680765,1483.69351,1484.693241,1484.693241,1484.693241,1485.245557,space,0.5445762,None,1485.246805,1485.35983,1485.686541,1485.654956,1485.65503,1485.686541,1485.686541,1485.686541,1488.160853,789,1,[2.502284799993504],[2.502299999992829],final,1,2024-11-11_11h13.11.595,Intentional binding,2024.1.5,None,2024-11-11 11h13.27.939400 +0530
0.7,1000,exp,19,4,232,5,1493.390195,,1493.377594,1493.390195,1494.3902,1494.3902,1494.3902,1494.792312,space,0.3868503,None,1494.794224,1495.506413,1495.834029,1495.805512,1495.805575,1495.834029,1495.834029,1495.834029,1500.390186,899,1,[4.577469500014558],[4.5774845000123605],final,1,2024-11-11_11h13.11.595,Intentional binding,2024.1.5,None,2024-11-11 11h13.27.939400 +0530
0.4,1000,exp,19,6,234,4,1504.919701,,1504.907021,1504.919701,1505.919654,1505.919654,1505.919654,1506.288278,space,0.3605551,None,1506.289526,1506.702677,1507.038737,1507.005311,1507.005408,1507.038737,1507.038737,1507.038737,1508.587378,456,1,[1.5785311000072397],[1.578545700001996],final,1,2024-11-11_11h13.11.595,Intentional binding,2024.1.5,None,2024-11-11 11h13.27.939400 +0530
0.4,1000,exp,19,7,235,10,1508.601654,,1508.588827,1508.601654,1509.601573,1509.601573,1509.601573,1509.936783,space,0.3246457,None,1509.938062,1510.351223,1510.68608,1510.655261,1510.655331,1510.68608,1510.68608,1510.68608,1512.169462,756,1,[1.510576200002106],[1.5105908999976236],final,1,2024-11-11_11h13.11.595,Intentional binding,2024.1.5,None,2024-11-11 11h13.27.939400 +0530
0.1,1000,exp,19,8,236,3,1512.183878,,1512.170915,1512.183878,1513.183669,1513.183669,1513.183669,1513.718947,space,0.5280547,None,1513.720188,1513.833559,1514.167464,1514.135966,1514.136037,1514.167464,1514.167464,1514.167464,1518.850712,345,1,[4.7112944000109565],[4.711314499989385],final,1,2024-11-11_11h13.11.595,Intentional binding,2024.1.5,None,2024-11-11 11h13.27.939400 +0530
0.7,1000,exp,19,10,238,8,1523.829723,,1523.819432,1523.829723,1524.829695,1524.829695,1524.829695,1524.96535,space,0.1312034,None,1524.966477,1525.679713,1526.004837,1525.975206,1525.975271,1526.004837,1526.004837,1526.004837,1528.780395,795,1,[2.8019485999830067],[2.8019628999754786],final,1,2024-11-11_11h13.11.595,Intentional binding,2024.1.5,None,2024-11-11 11h13.27.939400 +0530
0.7,1000,exp,19,11,239,11,1528.795038,,1528.781835,1528.795038,1529.794852,1529.794852,1529.794852,1530.063882,space,0.2610169,None,1530.065591,1530.777792,1531.10724,1531.075525,1531.075624,1531.10724,1531.10724,1531.10724,1532.929364,566,1,[1.8502518000022974],[1.8502670000016224],final,1,2024-11-11_11h13.11.595,Intentional binding,2024.1.5,None,2024-11-11 11h13.27.939400 +0530
0.7,1000,exp,20,0,240,8,1532.943497,,1532.930897,1532.943497,1533.943508,1533.943508,1533.943508,1534.228779,space,0.2747952,None,1534.230062,1534.943235,1535.279247,1535.245325,1535.245396,1535.279247,1535.279247,1535.279247,1537.610861,345,1,[2.3619654000212904],[2.361985800002003],final,1,2024-11-11_11h13.11.595,Intentional binding,2024.1.5,None,2024-11-11 11h13.27.939400 +0530
0.4,1000,exp,20,1,241,7,1537.625348,,1537.612316,1537.625348,1538.625377,1538.625377,1538.625377,1539.327293,space,0.6904016,None,1539.328549,1539.741483,1540.076865,1540.045445,1540.045516,1540.076865,1540.076865,1540.076865,1542.359405,980,1,[2.310373799991794],[2.3103888999903575],final,1,2024-11-11_11h13.11.595,Intentional binding,2024.1.5,None,2024-11-11 11h13.27.939400 +0530
0.1,1000,exp,20,2,242,3,1542.373557,,1542.360925,1542.373557,1543.373667,1543.373667,1543.373667,1543.609173,space,0.227861,None,1543.610484,1543.723328,1544.05808,1544.025885,1544.025954,1544.05808,1544.05808,1544.05808,1545.874805,797,1,[1.8454084999975748],[1.8454228000191506],final,1,2024-11-11_11h13.11.595,Intentional binding,2024.1.5,None,2024-11-11 11h13.27.939400 +0530
0.7,1000,exp,20,4,244,5,1550.920509,,1550.907906,1550.920509,1551.920699,1551.920699,1551.920699,1553.189107,space,1.2523051,None,1553.190361,1553.903291,1554.23839,1554.206014,1554.206079,1554.23839,1554.23839,1554.23839,1555.871637,878,1,[1.654307399992831],[1.6543240000028163],final,1,2024-11-11_11h13.11.595,Intentional binding,2024.1.5,None,2024-11-11 11h13.27.939400 +0530
0.1,1000,exp,20,5,245,6,1555.885909,,1555.873275,1555.885909,1556.885667,1556.885667,1556.885667,1557.354391,space,0.4511177,None,1557.355697,1557.468735,1557.797114,1557.765961,1557.766064,1557.797114,1557.797114,1557.797114,1561.003341,877,1,[3.2337207999953534],[3.233736599999247],final,1,2024-11-11_11h13.11.595,Intentional binding,2024.1.5,None,2024-11-11 11h13.27.939400 +0530
0.7,1000,exp,20,6,246,11,1561.017486,,1561.004806,1561.017486,1562.017285,1562.017285,1562.017285,1562.552866,space,0.523984,None,1562.554326,1563.267149,1563.599288,1563.565464,1563.565538,1563.599288,1563.599288,1563.599288,1565.718953,989,1,[2.149960899987491],[2.1499780000012834],final,1,2024-11-11_11h13.11.595,Intentional binding,2024.1.5,None,2024-11-11 11h13.27.939400 +0530
0.4,1000,exp,20,8,248,4,1569.531349,,1569.518304,1569.531349,1570.531141,1570.531141,1570.531141,1571.116505,space,0.5711064,None,1571.117773,1571.530698,1571.866689,1571.83523,1571.835297,1571.866689,1571.866689,1571.866689,1573.732179,657,1,[1.8933921999996528],[1.8934086999797728],final,1,2024-11-11_11h13.11.595,Intentional binding,2024.1.5,None,2024-11-11 11h13.27.939400 +0530
0.1,1000,exp,20,9,249,9,1573.746721,,1573.733771,1573.746721,1574.746338,1574.746338,1574.746338,1575.18165,space,0.4270763,None,1575.182917,1575.296096,1575.625334,1575.595064,1575.595135,1575.625334,1575.625334,1575.625334,1580.37978,574,1,[4.781373800011352],[4.7813903000205755],final,1,2024-11-11_11h13.11.595,Intentional binding,2024.1.5,None,2024-11-11 11h13.27.939400 +0530
0.4,1000,exp,20,10,250,10,1580.394336,,1580.381309,1580.394336,1581.394255,1581.394255,1581.394255,1588.777076,space,7.3795661,None,1588.778333,1589.191705,1589.527179,1589.495292,1589.495396,1589.527179,1589.527179,1589.527179,1591.141714,456,1,[1.6429629000194836],[1.642976200004341],final,1,2024-11-11_11h13.11.595,Intentional binding,2024.1.5,None,2024-11-11 11h13.27.939400 +0530
0.7,1000,exp,21,0,252,11,1595.205322,,1595.191672,1595.205322,1596.205359,1596.205359,1596.205359,1597.140539,space,0.92598,None,1597.141819,1597.854786,1598.18842,1598.155244,1598.155317,1598.18842,1598.18842,1598.18842,1601.672103,685,1,[3.5133434000017587],[3.513358000025619],final,1,2024-11-11_11h13.11.595,Intentional binding,2024.1.5,None,2024-11-11 11h13.27.939400 +0530
0.1,1000,exp,21,1,253,6,1601.686569,,1601.673536,1601.686569,1602.686272,1602.686272,1602.686272,1603.122143,space,0.4224933,None,1603.123493,1603.236158,1603.567536,1603.535126,1603.53523,1603.567536,1603.567536,1603.567536,1605.854091,566,1,[2.3152800999814644],[2.315294600004563],final,1,2024-11-11_11h13.11.595,Intentional binding,2024.1.5,None,2024-11-11 11h13.27.939400 +0530
0.1,1000,exp,21,2,254,9,1605.868452,,1605.855655,1605.868452,1606.868487,1606.868487,1606.868487,1607.553299,space,0.667225,None,1607.554743,1607.668121,1607.995848,1607.964984,1607.965047,1607.995848,1607.995848,1607.995848,1610.286226,890,1,[2.317573399981484],[2.317589299986139],final,1,2024-11-11_11h13.11.595,Intentional binding,2024.1.5,None,2024-11-11 11h13.27.939400 +0530
0.1,1000,exp,21,3,255,3,1610.300499,,1610.28771,1610.300499,1611.300232,1611.300232,1611.300232,1611.336283,space,0.0330068,None,1611.337574,1611.45018,1611.780692,1611.751018,1611.751081,1611.780692,1611.780692,1611.780692,1614.817093,679,1,[3.0629196999943815],[3.0629331000091042],final,1,2024-11-11_11h13.11.595,Intentional binding,2024.1.5,None,2024-11-11 11h13.27.939400 +0530
0.4,1000,exp,21,4,256,4,1614.832176,,1614.818617,1614.832176,1615.832072,1615.832072,1615.832072,1618.299902,space,2.4506948,None,1618.301168,1618.714468,1619.048295,1619.015261,1619.015333,1619.048295,1619.048295,1619.048295,1621.282909,355,1,[2.26404179999372],[2.2640562999877147],final,1,2024-11-11_11h13.11.595,Intentional binding,2024.1.5,None,2024-11-11 11h13.27.939400 +0530
0.4,1000,exp,21,6,258,10,1627.111308,,1627.098221,1627.111308,1628.111054,1628.111054,1628.111054,1630.579408,space,2.4527236,None,1630.580968,1630.993594,1631.327158,1631.295275,1631.29535,1631.327158,1631.327158,1631.327158,1635.66018,656,1,[4.361435599974357],[4.361449499992887],final,1,2024-11-11_11h13.11.595,Intentional binding,2024.1.5,None,2024-11-11 11h13.27.939400 +0530
0.7,1000,exp,21,8,260,5,1641.339833,,1641.326542,1641.339833,1642.339862,1642.339862,1642.339862,1642.541939,space,0.1945504,None,1642.543283,1643.256208,1643.587384,1643.555706,1643.555786,1643.587384,1643.587384,1643.587384,1645.257064,890,1,[1.6976967999944463],[1.6977101000084076],final,1,2024-11-11_11h13.11.595,Intentional binding,2024.1.5,None,2024-11-11 11h13.27.939400 +0530
0.4,1000,exp,21,9,261,7,1645.271987,,1645.258568,1645.271987,1646.271867,1646.271867,1646.271867,1646.390417,space,0.1110058,None,1646.391758,1646.804843,1647.136604,1647.105727,1647.105799,1647.136604,1647.136604,1647.136604,1649.139465,989,1,[2.0302910000027623],[2.030305499996757],final,1,2024-11-11_11h13.11.595,Intentional binding,2024.1.5,None,2024-11-11 11h13.27.939400 +0530
0.7,1000,exp,21,10,262,8,1649.153861,,1649.140986,1649.153861,1650.153939,1650.153939,1650.153939,1650.755846,space,0.5905657,None,1650.757096,1651.470054,1651.795049,1651.765131,1651.765202,1651.795049,1651.795049,1651.795049,1653.470783,999,1,[1.7022843000013381],[1.7022971000114921],final,1,2024-11-11_11h13.11.595,Intentional binding,2024.1.5,None,2024-11-11 11h13.27.939400 +0530
0.7,1000,exp,22,0,264,11,1658.267354,,1658.254626,1658.267354,1659.267706,1659.267706,1659.267706,1659.452848,space,0.177915,None,1659.454288,1660.167138,1660.497306,1660.465524,1660.465612,1660.497306,1660.497306,1660.497306,1663.934845,879,1,[3.4657387000042945],[3.465754000004381],final,1,2024-11-11_11h13.11.595,Intentional binding,2024.1.5,None,2024-11-11 11h13.27.939400 +0530
0.7,1000,exp,22,1,265,8,1663.948839,,1663.936358,1663.948839,1664.949176,1664.949176,1664.949176,1665.301027,space,0.3359681,None,1665.302251,1666.015347,1666.345315,1666.315072,1666.315167,1666.345315,1666.345315,1666.345315,1669.883067,788,1,[3.5643806000007316],[3.5643994999991264],final,1,2024-11-11_11h13.11.595,Intentional binding,2024.1.5,None,2024-11-11 11h13.27.939400 +0530
0.4,1000,exp,22,3,267,7,1674.595914,,1674.582784,1674.595914,1675.595792,1675.595792,1675.595792,1676.115273,space,0.5170347,None,1676.116522,1676.528827,1676.854606,1676.825202,1676.825265,1676.854606,1676.854606,1676.854606,1679.130142,788,1,[2.3012087999959476],[2.301225199975306],final,1,2024-11-11_11h13.11.595,Intentional binding,2024.1.5,None,2024-11-11 11h13.27.939400 +0530
0.1,1000,exp,22,5,269,3,1686.225414,,1686.212411,1686.225414,1687.225271,1687.225271,1687.225271,1687.644154,space,0.4133974,None,1687.645393,1687.75833,1688.085348,1688.055085,1688.05515,1688.085348,1688.085348,1688.085348,1689.893065,890,1,[1.8343651000177488],[1.8343794000102207],final,1,2024-11-11_11h13.11.595,Intentional binding,2024.1.5,None,2024-11-11 11h13.27.939400 +0530
0.7,1000,exp,22,7,271,5,1693.889444,,1693.876583,1693.889444,1694.889099,1694.889099,1694.889099,1695.07524,space,0.1833635,None,1695.076512,1695.789055,1696.117092,1696.085098,1696.08517,1696.117092,1696.117092,1696.117092,1697.990203,899,1,[1.901451600017026],[1.9014671000186354],final,1,2024-11-11_11h13.11.595,Intentional binding,2024.1.5,None,2024-11-11 11h13.27.939400 +0530
0.4,1000,exp,22,8,272,10,1698.004789,,1697.991858,1698.004789,1699.004833,1699.004833,1699.004833,1699.323,space,0.3037613,None,1699.324309,1699.737594,1700.068509,1700.035426,1700.035527,1700.068509,1700.068509,1700.068509,1701.422562,789,1,[1.3835464000003412],[1.3835606999928132],final,1,2024-11-11_11h13.11.595,Intentional binding,2024.1.5,None,2024-11-11 11h13.27.939400 +0530
0.1,1000,exp,22,9,273,6,1701.436917,,1701.424069,1701.436917,1702.436956,1702.436956,1702.436956,1703.688638,space,1.2419759,None,1703.689862,1703.803048,1704.137682,1704.105368,1704.105439,1704.137682,1704.137682,1704.137682,1709.053363,986,1,[4.944468000001507],[4.944482699997025],final,1,2024-11-11_11h13.11.595,Intentional binding,2024.1.5,None,2024-11-11 11h13.27.939400 +0530
0.4,1000,exp,22,10,274,4,1709.0676,,1709.055143,1709.0676,1710.067609,1710.067609,1710.067609,1710.969289,space,0.8887336,None,1710.970506,1711.383693,1711.71756,1711.686165,1711.686257,1711.71756,1711.71756,1711.71756,1715.051535,678,1,[3.360859399981564],[3.3608749999839347],final,1,2024-11-11_11h13.11.595,Intentional binding,2024.1.5,None,2024-11-11 11h13.27.939400 +0530
0.1,1000,exp,22,11,275,9,1715.065792,,1715.053049,1715.065792,1716.065496,1716.065496,1716.065496,1716.23505,space,0.1571201,None,1716.236313,1716.348817,1716.674585,1716.64531,1716.645374,1716.674585,1716.674585,1716.674585,1718.733398,987,1,[2.0845033999939915],[2.084519399999408],final,1,2024-11-11_11h13.11.595,Intentional binding,2024.1.5,None,2024-11-11 11h13.27.939400 +0530
0.1,1000,exp,23,1,277,6,1722.479801,,1722.466507,1722.479801,1723.479646,1723.479646,1723.479646,1723.498502,space,0.0127055,None,1723.499757,1723.61313,1723.946329,1723.915468,1723.915564,1723.946329,1723.946329,1723.946329,1725.947596,987,1,[2.0287160000007134],[2.0287309999985155],final,1,2024-11-11_11h13.11.595,Intentional binding,2024.1.5,None,2024-11-11 11h13.27.939400 +0530
0.7,1000,exp,23,2,278,5,1725.962033,,1725.949039,1725.962033,1726.962122,1726.962122,1726.962122,1727.163902,space,0.1890023,None,1727.165612,1727.878236,1728.206736,1728.17569,1728.175762,1728.206736,1728.206736,1728.206736,1730.51272,568,1,[2.333659299998544],[2.3336748000001535],final,1,2024-11-11_11h13.11.595,Intentional binding,2024.1.5,None,2024-11-11 11h13.27.939400 +0530
0.4,1000,exp,23,3,279,7,1730.527319,,1730.514256,1730.527319,1731.52668,1731.52668,1731.52668,1731.629187,space,0.090026,None,1731.630457,1732.043248,1732.377147,1732.34539,1732.345463,1732.377147,1732.377147,1732.377147,1734.178187,987,1,[1.8293913999805227],[1.8294074999867007],final,1,2024-11-11_11h13.11.595,Intentional binding,2024.1.5,None,2024-11-11 11h13.27.939400 +0530
0.7,1000,exp,23,4,280,8,1734.192596,,1734.179634,1734.192596,1735.192518,1735.192518,1735.192518,1735.761089,space,0.5585107,None,1735.762325,1736.475507,1736.806197,1736.775401,1736.775481,1736.806197,1736.806197,1736.806197,1740.142746,777,1,[3.3639170000096783],[3.363932400010526],final,1,2024-11-11_11h13.11.595,Intentional binding,2024.1.5,None,2024-11-11 11h13.27.939400 +0530
0.1,1000,exp,23,5,281,3,1740.157378,,1740.144312,1740.157378,1741.157194,1741.157194,1741.157194,1741.476986,space,0.3095213,None,1741.478239,1741.590382,1741.923254,1741.895019,1741.89509,1741.923254,1741.923254,1741.923254,1744.024761,576,1,[2.1265849999908824],[2.126605700002983],final,1,2024-11-11_11h13.11.595,Intentional binding,2024.1.5,None,2024-11-11 11h13.27.939400 +0530
0.7,1000,exp,23,6,282,11,1744.039385,,1744.026198,1744.039385,1745.039117,1745.039117,1745.039117,1745.357893,space,0.3092527,None,1745.359143,1746.072217,1746.407242,1746.375296,1746.375365,1746.407242,1746.407242,1746.407242,1749.306414,678,1,[2.927633999992395],[2.9276486999879126],final,1,2024-11-11_11h13.11.595,Intentional binding,2024.1.5,None,2024-11-11 11h13.27.939400 +0530
0.1,1000,exp,23,8,284,9,1753.635923,,1753.622659,1753.635923,1754.635955,1754.635955,1754.635955,1757.220926,space,2.5807738,None,1757.222191,1757.335094,1757.664259,1757.635254,1757.635327,1757.664259,1757.664259,1757.664259,1759.969437,456,1,[2.3310607000021264],[2.3310876000032295],final,1,2024-11-11_11h13.11.595,Intentional binding,2024.1.5,None,2024-11-11 11h13.27.939400 +0530
0.4,1000,exp,23,9,285,4,1759.983899,,1759.970905,1759.983899,1760.983879,1760.983879,1760.983879,1762.219362,space,1.2326881,None,1762.220715,1762.633176,1762.966498,1762.935627,1762.935698,1762.966498,1762.966498,1762.966498,1765.567831,788,1,[2.628613100008806],[2.6286279000050854],final,1,2024-11-11_11h13.11.595,Intentional binding,2024.1.5,None,2024-11-11 11h13.27.939400 +0530
0.4,1000,exp,23,10,286,10,1765.582081,,1765.569273,1765.582081,1766.581842,1766.581842,1766.581842,1767.566963,space,0.9764215,None,1767.568203,1767.981446,1768.319481,1768.285072,1768.285141,1768.319481,1768.319481,1768.319481,1769.549591,456,1,[1.2611279000120703],[1.2611464000074193],final,1,2024-11-11_11h13.11.595,Intentional binding,2024.1.5,None,2024-11-11 11h13.27.939400 +0530
0.1,1000,exp,24,0,288,6,1772.896153,,1772.883278,1772.896153,1773.896218,1773.896218,1773.896218,1775.081475,space,1.1746565,None,1775.08272,1775.195554,1775.527016,1775.495506,1775.495573,1775.527016,1775.527016,1775.527016,1781.145723,567,1,[5.647008500003722],[5.64704109999002],final,1,2024-11-11_11h13.11.595,Intentional binding,2024.1.5,None,2024-11-11 11h13.27.939400 +0530
0.4,1000,exp,24,1,289,4,1781.160024,,1781.147205,1781.160024,1782.160083,1782.160083,1782.160083,1785.111317,space,2.9453833,None,1785.112592,1785.525555,1785.855135,1785.825295,1785.825387,1785.855135,1785.855135,1785.855135,1788.592771,566,1,[2.7640015999786556],[2.764015599997947],final,1,2024-11-11_11h13.11.595,Intentional binding,2024.1.5,None,2024-11-11 11h13.27.939400 +0530
0.1,1000,exp,24,3,291,3,1794.355871,,1794.342979,1794.355871,1795.35514,1795.35514,1795.35514,1796.890601,space,1.5305573,None,1796.891853,1797.004881,1797.328242,1797.304577,1797.304615,1797.328242,1797.328242,1797.328242,1799.689466,878,1,[2.382589899993036],[2.3826034999801777],final,1,2024-11-11_11h13.11.595,Intentional binding,2024.1.5,None,2024-11-11 11h13.27.939400 +0530
0.7,1000,exp,24,5,293,11,1803.769246,,1803.756112,1803.769246,1804.769059,1804.769059,1804.769059,1805.4042,space,0.6307229,None,1805.405487,1806.118541,1806.447258,1806.415275,1806.415348,1806.447258,1806.447258,1806.447258,1808.703306,875,1,[2.284251700009918],[2.28426670000772],final,1,2024-11-11_11h13.11.595,Intentional binding,2024.1.5,None,2024-11-11 11h13.27.939400 +0530
0.4,1000,exp,24,6,294,10,1808.717528,,1808.704847,1808.717528,1809.71743,1809.71743,1809.71743,1810.053058,space,0.3255377,None,1810.054395,1810.467294,1810.7969,1810.765595,1810.76567,1810.7969,1810.7969,1810.7969,1813.084991,578,1,[2.315811499982374],[2.3158272999862675],final,1,2024-11-11_11h13.11.595,Intentional binding,2024.1.5,None,2024-11-11 11h13.27.939400 +0530
0.7,1000,exp,24,7,295,8,1813.099099,,1813.08642,1813.099099,1814.099257,1814.099257,1814.099257,1814.384623,space,0.2809693,None,1814.385877,1815.098854,1815.427219,1815.395183,1815.395277,1815.427219,1815.427219,1815.427219,1817.083564,875,1,[1.6847421000129543],[1.6847569000092335],final,1,2024-11-11_11h13.11.595,Intentional binding,2024.1.5,None,2024-11-11 11h13.27.939400 +0530
0.7,1000,exp,24,8,296,5,1817.098167,,1817.085323,1817.098167,1818.097838,1818.097838,1818.097838,1819.433306,space,1.3245126,None,1819.434622,1820.147294,1820.47769,1820.445447,1820.445542,1820.47769,1820.47769,1820.47769,1822.648618,785,1,[2.199634300020989],[2.1996498000225984],final,1,2024-11-11_11h13.11.595,Intentional binding,2024.1.5,None,2024-11-11 11h13.27.939400 +0530
0.4,1000,exp,24,9,297,7,1822.662967,,1822.650182,1822.662967,1823.662735,1823.662735,1823.662735,1823.748232,space,0.0749056,None,1823.749499,1824.162511,1824.500096,1824.465171,1824.465267,1824.500096,1824.500096,1824.500096,1827.729517,787,1,[3.259939100011252],[3.2599533000029624],final,1,2024-11-11_11h13.11.595,Intentional binding,2024.1.5,None,2024-11-11 11h13.27.939400 +0530
0.1,1000,exp,24,10,298,9,1827.744666,,1827.730975,1827.744666,1828.744328,1828.744328,1828.744328,1828.829785,space,0.076418,None,1828.831018,1828.944212,1829.278233,1829.245563,1829.24563,1829.278233,1829.278233,1829.278233,1831.262207,567,1,[2.0132430999947246],[2.0132568000117317],final,1,2024-11-11_11h13.11.595,Intentional binding,2024.1.5,None,2024-11-11 11h13.27.939400 +0530
0.7,1000,exp,25,0,300,8,1834.408278,,1834.394871,1834.408278,1835.408252,1835.408252,1835.408252,1835.92705,space,0.5007329,None,1835.928355,1836.640989,1836.97641,1836.945156,1836.94527,1836.97641,1836.97641,1836.97641,1839.108947,909,1,[2.1602115999849048],[2.1602258999773767],final,1,2024-11-11_11h13.11.595,Intentional binding,2024.1.5,None,2024-11-11 11h13.27.939400 +0530
0.4,1000,exp,25,1,301,7,1839.123238,,1839.110404,1839.123238,1840.123231,1840.123231,1840.123231,1840.208812,space,0.0764939,None,1840.210051,1840.622903,1840.955139,1840.925559,1840.925656,1840.955139,1840.955139,1840.955139,1843.340214,890,1,[2.4113029000000097],[2.411315800010925],final,1,2024-11-11_11h13.11.595,Intentional binding,2024.1.5,None,2024-11-11 11h13.27.939400 +0530
0.1,1000,exp,25,2,302,6,1843.355268,,1843.34173,1843.355268,1844.355177,1844.355177,1844.355177,1844.773909,space,0.401893,None,1844.775678,1844.888352,1845.216874,1845.185509,1845.185582,1845.216874,1845.216874,1845.216874,1847.272492,899,1,[2.0830232999869622],[2.08303799998248],final,1,2024-11-11_11h13.11.595,Intentional binding,2024.1.5,None,2024-11-11 11h13.27.939400 +0530
0.1,1000,exp,25,3,303,3,1847.287199,,1847.27418,1847.287199,1848.287177,1848.287177,1848.287177,1848.389368,space,0.0922243,None,1848.390627,1848.503646,1848.835118,1848.805287,1848.805378,1848.835118,1848.835118,1848.835118,1851.47095,900,1,[2.6620495000097435],[2.6620631999976467],final,1,2024-11-11_11h13.11.595,Intentional binding,2024.1.5,None,2024-11-11 11h13.27.939400 +0530
0.4,1000,exp,25,4,304,4,1851.485844,,1851.47245,1851.485844,1852.485985,1852.485985,1852.485985,1852.738058,space,0.2381724,None,1852.739479,1853.152417,1853.486697,1853.455179,1853.45527,1853.486697,1853.486697,1853.486697,1855.336099,999,1,[1.87739499998861],[1.877407599997241],final,1,2024-11-11_11h13.11.595,Intentional binding,2024.1.5,None,2024-11-11 11h13.27.939400 +0530
0.7,1000,exp,25,5,305,11,1855.351063,,1855.337488,1855.351063,1856.351077,1856.351077,1856.351077,1856.73682,space,0.3831367,None,1856.738068,1857.4508,1857.785438,1857.75519,1857.755262,1857.785438,1857.785438,1857.785438,1860.101932,887,1,[2.3432461000047624],[2.343260499997996],final,1,2024-11-11_11h13.11.595,Intentional binding,2024.1.5,None,2024-11-11 11h13.27.939400 +0530
0.1,1000,exp,25,7,307,9,1864.464883,,1864.451618,1864.464883,1865.464717,1865.464717,1865.464717,1866.416497,space,0.944415,None,1866.417778,1866.530946,1866.866823,1866.835336,1866.835408,1866.866823,1866.866823,1866.866823,1869.115258,989,1,[2.2763847000023816],[2.2764060999907088],final,1,2024-11-11_11h13.11.595,Intentional binding,2024.1.5,None,2024-11-11 11h13.27.939400 +0530
0.7,1000,exp,25,8,308,5,1869.129892,,1869.116709,1869.129892,1870.12991,1870.12991,1870.12991,1873.031769,space,2.8957877,None,1873.03303,1873.745677,1874.077476,1874.045537,1874.04561,1874.077476,1874.077476,1874.077476,1878.32947,879,1,[4.280284199980088],[4.280299099977128],final,1,2024-11-11_11h13.11.595,Intentional binding,2024.1.5,None,2024-11-11 11h13.27.939400 +0530
0.4,1000,exp,25,10,310,10,1885.024636,,1885.011383,1885.024636,1886.024362,1886.024362,1886.024362,1886.310381,space,0.2725479,None,1886.312387,1886.724084,1887.053444,1887.025476,1887.025539,1887.053444,1887.053444,1887.053444,1888.808382,677,1,[1.7796791000000667],[1.7796917000086978],final,1,2024-11-11_11h13.11.595,Intentional binding,2024.1.5,None,2024-11-11 11h13.27.939400 +0530
0.4,1000,exp,26,1,313,10,1897.803857,,1897.791401,1897.803857,1898.803453,1898.803453,1898.803453,1900.522151,space,1.712943,None,1900.523392,1900.93618,1901.26629,1901.235133,1901.235213,1901.26629,1901.26629,1901.26629,1904.403033,678,1,[3.164591000007931],[3.1646037999889813],final,1,2024-11-11_11h13.11.595,Intentional binding,2024.1.5,None,2024-11-11 11h13.27.939400 +0530
0.7,1000,exp,26,2,314,8,1904.418004,,1904.404515,1904.418004,1905.41813,1905.41813,1905.41813,1908.068997,space,2.6336505,None,1908.070251,1908.7835,1909.117889,1909.085608,1909.085682,1909.117889,1909.117889,1909.117889,1913.483937,577,1,[4.3949201999930665],[4.394934399984777],final,1,2024-11-11_11h13.11.595,Intentional binding,2024.1.5,None,2024-11-11 11h13.27.939400 +0530
0.7,1000,exp,26,3,315,11,1913.498321,,1913.485422,1913.498321,1914.498111,1914.498111,1914.498111,1915.266982,space,0.7561405,None,1915.268201,1915.981097,1916.317436,1916.285642,1916.285713,1916.317436,1916.317436,1916.317436,1919.148788,677,1,[2.859543099999428],[2.8595575999934226],final,1,2024-11-11_11h13.11.595,Intentional binding,2024.1.5,None,2024-11-11 11h13.27.939400 +0530
0.7,1000,exp,26,4,316,5,1919.163112,,1919.150232,1919.163112,1920.163067,1920.163067,1920.163067,1920.716395,space,0.549859,None,1920.717764,1921.429316,1921.755466,1921.725115,1921.725221,1921.755466,1921.755466,1921.755466,1927.030309,767,1,[5.301511199999368],[5.301526600000216],final,1,2024-11-11_11h13.11.595,Intentional binding,2024.1.5,None,2024-11-11 11h13.27.939400 +0530
0.4,1000,exp,26,5,317,7,1927.044567,,1927.03224,1927.044567,1928.044401,1928.044401,1928.044401,1929.595772,space,1.5335874,None,1929.597017,1930.010371,1930.346374,1930.314965,1930.31505,1930.346374,1930.346374,1930.346374,1937.711554,567,1,[7.388654699985636],[7.38867489999393],final,1,2024-11-11_11h13.11.595,Intentional binding,2024.1.5,None,2024-11-11 11h13.27.939400 +0530
0.4,1000,exp,26,7,319,4,1946.264429,,1946.258189,1946.264429,1947.270553,1947.270553,1947.270553,1956.152949,space,8.8673592,None,1956.154122,1956.567658,1956.887236,1956.856229,1956.856299,1956.887236,1956.887236,1956.887236,1958.81896,567,1,[1.9594477999780793],[1.95946269997512],final,1,2024-11-11_11h13.11.595,Intentional binding,2024.1.5,None,2024-11-11 11h13.27.939400 +0530
0.1,1000,exp,26,9,321,9,1970.229863,,1970.216881,1970.229863,1971.22994,1971.22994,1971.22994,1971.382305,space,0.1490285,None,1971.383686,1971.496177,1971.817723,1971.786954,1971.787025,1971.817723,1971.817723,1971.817723,1975.04701,445,1,[3.2566908999870066],[3.2567058999848086],final,1,2024-11-11_11h13.11.595,Intentional binding,2024.1.5,None,2024-11-11 11h13.27.939400 +0530
0.1,1000,exp,26,10,322,3,1975.061468,,1975.048434,1975.061468,1976.06137,1976.06137,1976.06137,1976.579277,space,0.5012003,None,1976.58039,1976.69465,1977.018143,1976.985692,1976.985761,1977.018143,1977.018143,1977.018143,1978.929324,345,1,[1.940122900006827],[1.9401370999985375],final,1,2024-11-11_11h13.11.595,Intentional binding,2024.1.5,None,2024-11-11 11h13.27.939400 +0530
0.1,1000,exp,26,11,323,6,1978.943633,,1978.930794,1978.943633,1979.943378,1979.943378,1979.943378,1980.878337,space,0.9198024,None,1980.880052,1980.992694,1981.318283,1981.285889,1981.285958,1981.318283,1981.318283,1981.318283,1983.494375,454,1,[2.204853200004436],[2.204867699998431],final,1,2024-11-11_11h13.11.595,Intentional binding,2024.1.5,None,2024-11-11 11h13.27.939400 +0530
0.7,1000,exp,27,0,324,5,1983.508822,,1983.495876,1983.508822,1984.508484,1984.508484,1984.508484,1985.761074,space,1.250099,None,1985.762304,1986.474559,1986.78884,1986.764729,1986.764775,1986.78884,1986.78884,1986.78884,1988.759197,456,1,[1.9919534000218846],[1.9919708000088576],final,1,2024-11-11_11h13.11.595,Intentional binding,2024.1.5,None,2024-11-11 11h13.27.939400 +0530
0.7,1000,exp,27,1,325,11,1988.773693,,1988.760668,1988.773693,1989.773788,1989.773788,1989.773788,1990.925501,space,1.1457511,None,1990.927043,1991.639289,1991.94816,1991.925584,1991.925636,1991.94816,1991.94816,1991.94816,1994.490574,886,1,[2.5621202000183985],[2.5621363000245765],final,1,2024-11-11_11h13.11.595,Intentional binding,2024.1.5,None,2024-11-11 11h13.27.939400 +0530
0.1,1000,exp,27,3,327,3,1999.103552,,1999.090358,1999.103552,2000.10344,2000.10344,2000.10344,2000.22298,space,0.1169372,None,2000.224279,2000.336751,2000.658693,2000.625795,2000.62587,2000.658693,2000.658693,2000.658693,2004.620625,773,1,[3.991314399987459],[3.9913292999845],final,1,2024-11-11_11h13.11.595,Intentional binding,2024.1.5,None,2024-11-11 11h13.27.939400 +0530
0.7,1000,exp,27,4,328,8,2004.634968,,2004.622273,2004.634968,2005.634788,2005.634788,2005.634788,2008.984126,space,3.3326126,None,2008.984718,2009.700252,2010.01732,2009.985988,2009.986087,2010.01732,2010.01732,2010.01732,2012.734701,457,1,[2.74498560000211],[2.7450028999883216],final,1,2024-11-11_11h13.11.595,Intentional binding,2024.1.5,None,2024-11-11 11h13.27.939400 +0530
0.1,1000,exp,27,5,329,9,2012.748988,,2012.736309,2012.748988,2013.748817,2013.748817,2013.748817,2014.550823,space,0.7891187,None,2014.552071,2014.664972,2014.986278,2014.956097,2014.956177,2014.986278,2014.986278,2014.986278,2017.948853,566,1,[2.989004000002751],[2.9890178000205196],final,1,2024-11-11_11h13.11.595,Intentional binding,2024.1.5,None,2024-11-11 11h13.27.939400 +0530
0.4,1000,exp,27,7,331,4,2023.112128,,2023.101026,2023.112128,2024.112106,2024.112106,2024.112106,2025.24792,space,1.1332885,None,2025.249337,2025.661448,2025.987465,2025.95574,2025.955818,2025.987465,2025.987465,2025.987465,2029.128362,466,1,[3.169092800002545],[3.1691076999995857],final,1,2024-11-11_11h13.11.595,Intentional binding,2024.1.5,None,2024-11-11 11h13.27.939400 +0530
0.4,1000,exp,27,8,332,10,2029.143683,,2029.130006,2029.143683,2030.14332,2030.14332,2030.14332,2030.17887,space,0.023886,None,2030.180121,2030.59324,2030.916753,2030.886362,2030.886434,2030.916753,2030.916753,2030.916753,2032.27736,456,1,[1.3877152999921236],[1.3877292000106536],final,1,2024-11-11_11h13.11.595,Intentional binding,2024.1.5,None,2024-11-11 11h13.27.939400 +0530
0.4,1000,exp,27,9,333,7,2032.292257,,2032.278805,2032.292257,2033.292173,2033.292173,2033.292173,2034.994543,space,1.6979606,None,2034.995862,2035.408118,2035.726432,2035.695888,2035.69596,2035.726432,2035.726432,2035.726432,2037.79313,658,1,[2.0936715999851003],[2.0936879999935627],final,1,2024-11-11_11h13.11.595,Intentional binding,2024.1.5,None,2024-11-11 11h13.27.939400 +0530
0.1,1000,exp,27,10,334,6,2037.807133,,2037.794822,2037.807133,2038.806965,2038.806965,2038.806965,2039.159162,space,0.3375757,None,2039.160385,2039.273439,2039.59921,2039.566108,2039.566178,2039.59921,2039.59921,2039.59921,2042.407945,888,1,[2.838467199995648],[2.838482999999542],final,1,2024-11-11_11h13.11.595,Intentional binding,2024.1.5,None,2024-11-11 11h13.27.939400 +0530
0.1,1000,exp,28,1,337,3,2051.186087,,2051.173988,2051.186087,2052.185666,2052.185666,2052.185666,2052.571438,space,0.3773532,None,2052.572707,2052.685683,2053.008236,2052.976841,2052.976911,2053.008236,2053.008236,2053.008236,2055.919778,688,1,[2.9395781999919564],[2.939591400005156],final,1,2024-11-11_11h13.11.595,Intentional binding,2024.1.5,None,2024-11-11 11h13.27.939400 +0530
0.1,1000,exp,28,2,338,9,2055.934475,,2055.921272,2055.934475,2056.934305,2056.934305,2056.934305,2061.973835,space,5.037247,None,2061.975318,2062.088707,2062.410685,2062.376025,2062.376102,2062.410685,2062.410685,2062.410685,2067.633095,766,1,[5.253702300018631],[5.25371780002024],final,1,2024-11-11_11h13.11.595,Intentional binding,2024.1.5,None,2024-11-11 11h13.27.939400 +0530
0.1,1000,exp,28,3,339,6,2067.647149,,2067.634568,2067.647149,2068.646388,2068.646388,2068.646388,2069.198231,space,0.537188,None,2069.199522,2069.312903,2069.636374,2069.605663,2069.605734,2069.636374,2069.636374,2069.636374,2072.279096,578,1,[2.6697597000165842],[2.6697932000097353],final,1,2024-11-11_11h13.11.595,Intentional binding,2024.1.5,None,2024-11-11 11h13.27.939400 +0530
0.7,1000,exp,28,4,340,11,2072.296879,,2072.282105,2072.296879,2073.284382,2073.284382,2073.301095,2073.813764,space,0.5252518,None,2073.815525,2074.527934,2074.848244,2074.816746,2074.81682,2074.848244,2074.848244,2074.848244,2077.728618,678,1,[2.90842709998833],[2.9084423999884166],final,1,2024-11-11_11h13.11.595,Intentional binding,2024.1.5,None,2024-11-11 11h13.27.939400 +0530
0.7,1000,exp,28,6,342,8,2081.475304,,2081.462589,2081.475304,2082.475089,2082.475089,2082.475089,2082.527809,space,0.0448388,None,2082.529089,2083.241499,2083.56632,2083.536075,2083.536145,2083.56632,2083.56632,2083.56632,2086.625284,568,1,[3.081003899977077],[3.0810181999986526],final,1,2024-11-11_11h13.11.595,Intentional binding,2024.1.5,None,2024-11-11 11h13.27.939400 +0530
0.4,1000,exp,28,7,343,10,2086.64021,,2086.626761,2086.64021,2087.640281,2087.640281,2087.640281,2088.075843,space,0.4271647,None,2088.077109,2088.489596,2088.806573,2088.776408,2088.776483,2088.806573,2088.806573,2088.806573,2090.77376,890,1,[1.9939438000146765],[1.9939584000094328],final,1,2024-11-11_11h13.11.595,Intentional binding,2024.1.5,None,2024-11-11 11h13.27.939400 +0530
0.4,1000,exp,28,8,344,7,2090.788883,,2090.775756,2090.788883,2091.788823,2091.788823,2091.788823,2091.90752,space,0.1013091,None,2091.908806,2092.321845,2092.648333,2092.616549,2092.61662,2092.648333,2092.648333,2092.648333,2095.022769,900,1,[2.40275290000136],[2.402766699990025],final,1,2024-11-11_11h13.11.595,Intentional binding,2024.1.5,None,2024-11-11 11h13.27.939400 +0530
0.4,1000,exp,28,9,345,4,2095.037401,,2095.024255,2095.037401,2096.037447,2096.037447,2096.037447,2096.689112,space,0.6468888,None,2096.690352,2097.103386,2097.429179,2097.397151,2097.397223,2097.429179,2097.429179,2097.429179,2098.987716,789,1,[1.5870414999953937],[1.5870557999878656],final,1,2024-11-11_11h13.11.595,Intentional binding,2024.1.5,None,2024-11-11 11h13.27.939400 +0530
0.7,1000,exp,28,10,346,5,2099.002724,,2098.989605,2099.002724,2100.002595,2100.002595,2100.002595,2100.121245,space,0.101209,None,2100.122527,2100.835629,2101.160362,2101.125507,2101.12558,2101.160362,2101.160362,2101.160362,2102.620129,999,1,[1.4911692999885418],[1.4911835999810137],final,1,2024-11-11_11h13.11.595,Intentional binding,2024.1.5,None,2024-11-11 11h13.27.939400 +0530
0.1,1000,exp,29,0,348,6,2108.582848,,2108.570113,2108.582848,2109.582637,2109.582637,2109.582637,2110.25121,space,0.6513912,None,2110.253392,2110.365725,2110.686926,2110.655968,2110.656043,2110.686926,2110.686926,2110.686926,2112.91721,779,1,[2.2578096999786794],[2.2578255999833345],final,1,2024-11-11_11h13.11.595,Intentional binding,2024.1.5,None,2024-11-11 11h13.27.939400 +0530
0.7,1000,exp,29,2,350,8,2118.280206,,2118.267077,2118.280206,2119.279969,2119.279969,2119.279969,2119.298985,space,0.0028143,None,2119.300257,2120.013131,2120.338714,2120.30607,2120.306137,2120.338714,2120.338714,2120.338714,2122.130979,978,1,[1.8215225000167266],[1.821537800016813],final,1,2024-11-11_11h13.11.595,Intentional binding,2024.1.5,None,2024-11-11 11h13.27.939400 +0530
0.4,1000,exp,29,4,352,10,2126.710823,,2126.698235,2126.710823,2127.710421,2127.710421,2127.710421,2130.494931,space,2.773422,None,2130.496243,2130.909354,2131.225962,2131.196179,2131.196245,2131.225962,2131.225962,2131.225962,2132.761093,768,1,[1.5617793000128586],[1.5617945000121836],final,1,2024-11-11_11h13.11.595,Intentional binding,2024.1.5,None,2024-11-11 11h13.27.939400 +0530
0.1,1000,exp,29,6,354,9,2137.873767,,2137.861058,2137.873767,2138.87342,2138.87342,2138.87342,2139.275409,space,0.387344,None,2139.276651,2139.390048,2139.70735,2139.675641,2139.675729,2139.70735,2139.70735,2139.70735,2141.574476,677,1,[1.8949586999951862],[1.894976100011263],final,1,2024-11-11_11h13.11.595,Intentional binding,2024.1.5,None,2024-11-11 11h13.27.939400 +0530
0.7,1000,exp,29,7,355,11,2141.588593,,2141.575906,2141.588593,2142.588869,2142.588869,2142.588869,2142.624237,space,0.0207575,None,2142.625481,2143.338423,2143.659438,2143.627004,2143.627081,2143.659438,2143.659438,2143.659438,2146.139999,676,1,[2.5093219999980647],[2.509337499999674],final,1,2024-11-11_11h13.11.595,Intentional binding,2024.1.5,None,2024-11-11 11h13.27.939400 +0530
0.4,1000,exp,29,8,356,7,2146.153988,,2146.141719,2146.153988,2147.15416,2147.15416,2147.15416,2147.172978,space,0.0107331,None,2147.174364,2147.587102,2147.906487,2147.876083,2147.876155,2147.906487,2147.906487,2147.906487,2150.172241,876,1,[2.292646900023101],[2.292661900020903],final,1,2024-11-11_11h13.11.595,Intentional binding,2024.1.5,None,2024-11-11 11h13.27.939400 +0530
0.4,1000,exp,29,9,357,4,2150.186228,,2150.173973,2150.186228,2151.185838,2151.185838,2151.185838,2151.604802,space,0.4143961,None,2151.606063,2152.019142,2152.336961,2152.305589,2152.305662,2152.336961,2152.336961,2152.336961,2154.070377,766,1,[1.7612287000229117],[1.761244000022998],final,1,2024-11-11_11h13.11.595,Intentional binding,2024.1.5,None,2024-11-11 11h13.27.939400 +0530
0.7,1000,exp,29,10,358,5,2154.084817,,2154.072077,2154.084817,2155.084764,2155.084764,2155.084764,2156.119798,space,1.0217274,None,2156.121107,2156.834125,2157.159114,2157.126379,2157.126451,2157.159114,2157.159114,2157.159114,2160.70113,676,1,[3.571205700020073],[3.5712210000201594],final,1,2024-11-11_11h13.11.595,Intentional binding,2024.1.5,None,2024-11-11 11h13.27.939400 +0530
0.1,1000,exp,29,11,359,3,2160.71584,,2160.702666,2160.71584,2161.715414,2161.715414,2161.715414,2162.534307,space,0.8140888,None,2162.535565,2162.648488,2162.964453,2162.935576,2162.935648,2162.964453,2162.964453,2162.964453,2166.832279,778,1,[3.8934384000021964],[3.8934515999862924],final,1,2024-11-11_11h13.11.595,Intentional binding,2024.1.5,None,2024-11-11 11h13.27.939400 +0530
0.1,1000,exp,30,0,360,9,2166.847238,,2166.833792,2166.847238,2167.846908,2167.846908,2167.846908,2167.916252,space,0.055255,None,2167.917497,2168.030197,2168.358702,2168.32577,2168.32584,2168.358702,2168.358702,2168.358702,2171.930646,788,1,[3.6013998999842443],[3.601413099997444],final,1,2024-11-11_11h13.11.595,Intentional binding,2024.1.5,None,2024-11-11 11h13.27.939400 +0530
0.4,1000,exp,30,1,361,7,2171.945303,,2171.932161,2171.945303,2172.944556,2172.944556,2172.944556,2173.798216,space,0.8439291,None,2173.799347,2174.211606,2174.533791,2174.505718,2174.505797,2174.533791,2174.533791,2174.533791,2176.462824,989,1,[1.9531955000129528],[1.9532101000077091],final,1,2024-11-11_11h13.11.595,Intentional binding,2024.1.5,None,2024-11-11 11h13.27.939400 +0530
0.4,1000,exp,30,2,362,10,2176.477297,,2176.464283,2176.477297,2177.476949,2177.476949,2177.476949,2177.646544,space,0.1671603,None,2177.6478,2178.060188,2178.378687,2178.3463,2178.346375,2178.378687,2178.378687,2178.378687,2179.978587,774,1,[1.6287338999973144],[1.6287484999920707],final,1,2024-11-11_11h13.11.595,Intentional binding,2024.1.5,None,2024-11-11 11h13.27.939400 +0530
0.4,1000,exp,30,4,364,4,2183.957681,,2183.944822,2183.957681,2184.957912,2184.957912,2184.957912,2185.743172,space,0.7674185,None,2185.744524,2186.157659,2186.481632,2186.446025,2186.446096,2186.481632,2186.481632,2186.481632,2188.009007,568,1,[1.559505299985176],[1.559519200003706],final,1,2024-11-11_11h13.11.595,Intentional binding,2024.1.5,None,2024-11-11 11h13.27.939400 +0530
0.1,1000,exp,30,7,367,6,2198.686349,,2198.673553,2198.686349,2199.686256,2199.686256,2199.686256,2200.005719,space,0.3161871,None,2200.006967,2200.11956,2200.437586,2200.406748,2200.406822,2200.437586,2200.437586,2200.437586,2204.452425,436,1,[4.042434000002686],[4.042447100015124],final,1,2024-11-11_11h13.11.595,Intentional binding,2024.1.5,None,2024-11-11 11h13.27.939400 +0530
0.7,1000,exp,30,8,368,11,2204.467845,,2204.45383,2204.467845,2205.467644,2205.467644,2205.467644,2205.486905,space,0.006624,None,2205.488123,2206.200441,2206.519201,2206.486563,2206.486633,2206.519201,2206.519201,2206.519201,2208.268989,578,1,[1.7787763000233099],[1.778794400015613],final,1,2024-11-11_11h13.11.595,Intentional binding,2024.1.5,None,2024-11-11 11h13.27.939400 +0530
0.1,1000,exp,30,9,369,3,2208.283215,,2208.270476,2208.283215,2209.283105,2209.283105,2209.283105,2209.402095,space,0.1145747,None,2209.403364,2209.516468,2209.836296,2209.806229,2209.806295,2209.836296,2209.836296,2209.836296,2211.268281,454,1,[1.4583468999771867],[1.4583614000002854],final,1,2024-11-11_11h13.11.595,Intentional binding,2024.1.5,None,2024-11-11 11h13.27.939400 +0530
0.7,1000,exp,30,10,370,8,2211.282225,,2211.270038,2211.282225,2212.282169,2212.282169,2212.282169,2212.317482,space,0.0205046,None,2212.31874,2213.031927,2213.357269,2213.325805,2213.325876,2213.357269,2213.357269,2213.357269,2216.282823,565,1,[2.9536250999954063],[2.9536429999861866],final,1,2024-11-11_11h13.11.595,Intentional binding,2024.1.5,None,2024-11-11 11h13.27.939400 +0530
0.7,1000,exp,30,11,371,5,2216.297115,,2216.284444,2216.297115,2217.296927,2217.296927,2217.296927,2217.698902,space,0.3868392,None,2217.700157,2218.413217,2218.736946,2218.70578,2218.70585,2218.736946,2218.736946,2218.736946,2219.831743,767,1,[1.1224443000101019],[1.1224587000033353],final,1,2024-11-11_11h13.11.595,Intentional binding,2024.1.5,None,2024-11-11 11h13.27.939400 +0530
0.7,1000,exp,31,0,372,11,2219.845978,,2219.833448,2219.845978,2220.845905,2220.845905,2220.845905,2220.881323,space,0.0295785,None,2220.882561,2221.595643,2221.91667,2221.886076,2221.88614,2221.91667,2221.91667,2221.91667,2223.530351,778,1,[1.6409673999878578],[1.6409829999902286],final,1,2024-11-11_11h13.11.595,Intentional binding,2024.1.5,None,2024-11-11 11h13.27.939400 +0530
0.7,1000,exp,31,1,373,8,2223.544718,,2223.5321,2223.544718,2224.544591,2224.544591,2224.544591,2224.946631,space,0.3878431,None,2224.947851,2225.660926,2225.976533,2225.946229,2225.946302,2225.976533,2225.976533,2225.976533,2227.812555,435,1,[1.8628888000093866],[1.8629061999963596],final,1,2024-11-11_11h13.11.595,Intentional binding,2024.1.5,None,2024-11-11 11h13.27.939400 +0530
0.1,1000,exp,31,2,374,3,2227.826758,,2227.814362,2227.826758,2228.82653,2228.82653,2228.82653,2229.145426,space,0.3032374,None,2229.146643,2229.259474,2229.578162,2229.546144,2229.546219,2229.578162,2229.578162,2229.578162,2233.310488,677,1,[3.760802600008901],[3.7608201000257395],final,1,2024-11-11_11h13.11.595,Intentional binding,2024.1.5,None,2024-11-11 11h13.27.939400 +0530
0.4,1000,exp,31,3,375,7,2233.324906,,2233.311996,2233.324906,2234.324617,2234.324617,2234.324617,2234.693221,space,0.3627564,None,2234.694439,2235.107873,2235.42989,2235.396238,2235.396308,2235.42989,2235.42989,2235.42989,2237.408879,456,1,[2.0092893000110053],[2.0093032000004314],final,1,2024-11-11_11h13.11.595,Intentional binding,2024.1.5,None,2024-11-11 11h13.27.939400 +0530
0.4,1000,exp,31,4,376,4,2237.423368,,2237.410362,2237.423368,2238.423296,2238.423296,2238.423296,2238.825561,space,0.3891555,None,2238.826851,2239.239461,2239.556365,2239.525929,2239.526002,2239.556365,2239.556365,2239.556365,2242.923533,345,1,[3.3943645000108518],[3.394380000012461],final,1,2024-11-11_11h13.11.595,Intentional binding,2024.1.5,None,2024-11-11 11h13.27.939400 +0530
0.1,1000,exp,31,5,377,6,2242.937805,,2242.9252,2242.937805,2243.938322,2243.938322,2243.938322,2244.023776,space,0.0774508,None,2244.025187,2244.138031,2244.461078,2244.427371,2244.427447,2244.461078,2244.461078,2244.461078,2246.039425,556,1,[1.6084911999932956],[1.608507600001758],final,1,2024-11-11_11h13.11.595,Intentional binding,2024.1.5,None,2024-11-11 11h13.27.939400 +0530
0.1,1000,exp,31,6,378,9,2246.05404,,2246.041224,2246.05404,2247.053658,2247.053658,2247.053658,2248.888707,space,1.828195,None,2248.889955,2249.003105,2249.323742,2249.29513,2249.295185,2249.323742,2249.323742,2249.323742,2250.85453,547,1,[1.5563677999889478],[1.556383699993603],final,1,2024-11-11_11h13.11.595,Intentional binding,2024.1.5,None,2024-11-11 11h13.27.939400 +0530
0.4,1000,exp,31,8,380,10,2255.184119,,2255.171769,2255.184119,2256.184042,2256.184042,2256.184042,2256.669573,space,0.479557,None,2256.670831,2257.08353,2257.409536,2257.37602,2257.376091,2257.409536,2257.409536,2257.409536,2259.21832,474,1,[1.838618999987375],[1.8386343999882229],final,1,2024-11-11_11h13.11.595,Intentional binding,2024.1.5,None,2024-11-11 11h13.27.939400 +0530
0.7,1000,exp,31,9,381,5,2259.232799,,2259.219756,2259.232799,2260.232869,2260.232869,2260.232869,2261.101014,space,0.8630099,None,2261.102311,2261.815226,2262.137391,2262.105924,2262.105996,2262.137391,2262.137391,2262.137391,2264.850018,545,1,[2.7405643000092823],[2.7405804000154603],final,1,2024-11-11_11h13.11.595,Intentional binding,2024.1.5,None,2024-11-11 11h13.27.939400 +0530
0.4,1000,exp,32,2,386,4,2279.692196,,2279.679833,2279.692196,2280.692403,2280.692403,2280.692403,2280.727878,space,0.0287021,None,2280.729132,2281.14213,2281.469123,2281.436427,2281.436503,2281.469123,2281.469123,2281.469123,2283.643411,894,1,[2.203607600007672],[2.203622600005474],final,1,2024-11-11_11h13.11.595,Intentional binding,2024.1.5,None,2024-11-11 11h13.27.939400 +0530
0.7,1000,exp,32,3,387,5,2283.658082,,2283.645033,2283.658082,2284.657653,2284.657653,2284.657653,2284.726522,space,0.05561,None,2284.727753,2285.440743,2285.757184,2285.72595,2285.726022,2285.757184,2285.757184,2285.757184,2287.009297,999,1,[1.2800012999796309],[1.2800166999804787],final,1,2024-11-11_11h13.11.595,Intentional binding,2024.1.5,None,2024-11-11 11h13.27.939400 +0530
0.7,1000,exp,32,4,388,11,2287.023641,,2287.011055,2287.023641,2288.023216,2288.023216,2288.023216,2288.509015,space,0.4825224,None,2288.510506,2289.222852,2289.549339,2289.516193,2289.516263,2289.549339,2289.549339,2289.549339,2291.191522,999,1,[1.6719157999905292],[1.6719313999929],final,1,2024-11-11_11h13.11.595,Intentional binding,2024.1.5,None,2024-11-11 11h13.27.939400 +0530
0.1,1000,exp,32,5,389,3,2291.20537,,2291.193212,2291.20537,2292.205101,2292.205101,2292.205101,2292.591032,space,0.3822036,None,2292.592381,2292.704983,2293.028909,2292.995924,2292.995997,2293.028909,2293.028909,2293.028909,2294.38983,909,1,[1.3904500000062399],[1.3904684000008274],final,1,2024-11-11_11h13.11.595,Intentional binding,2024.1.5,None,2024-11-11 11h13.27.939400 +0530
0.1,1000,exp,32,6,390,9,2294.404199,,2294.391311,2294.404199,2295.404082,2295.404082,2295.404082,2295.539701,space,0.1270897,None,2295.540938,2295.654065,2295.979734,2295.946993,2295.947068,2295.979734,2295.979734,2295.979734,2298.238802,242,1,[2.28806550000445],[2.288080099999206],final,1,2024-11-11_11h13.11.595,Intentional binding,2024.1.5,None,2024-11-11 11h13.27.939400 +0530
0.4,1000,exp,32,7,391,7,2298.253064,,2298.240446,2298.253064,2299.252976,2299.252976,2299.252976,2300.271526,space,1.0082048,None,2300.272792,2300.685718,2301.006395,2300.975882,2300.975954,2301.006395,2301.006395,2301.006395,2303.719478,673,1,[2.740016099996865],[2.7400293999817222],final,1,2024-11-11_11h13.11.595,Intentional binding,2024.1.5,None,2024-11-11 11h13.27.939400 +0530
0.4,1000,exp,32,9,393,10,2308.049788,,2308.036988,2308.049788,2309.049317,2309.049317,2309.049317,2309.818946,space,0.7670225,None,2309.820213,2310.231805,2310.559212,2310.526561,2310.526657,2310.559212,2310.559212,2310.559212,2311.982812,784,1,[1.4528910999943037],[1.4529082000080962],final,1,2024-11-11_11h13.11.595,Intentional binding,2024.1.5,None,2024-11-11 11h13.27.939400 +0530
0.7,1000,exp,32,10,394,8,2311.997737,,2311.9843,2311.997737,2312.997714,2312.997714,2312.997714,2314.149713,space,1.1357162,None,2314.150974,2314.863517,2315.190536,2315.156715,2315.156787,2315.190536,2315.190536,2315.190536,2317.997824,567,1,[2.8376171000127215],[2.837631100002909],final,1,2024-11-11_11h13.11.595,Intentional binding,2024.1.5,None,2024-11-11 11h13.27.939400 +0530
0.1,1000,exp,32,11,395,6,2318.012657,,2317.999607,2318.012657,2319.01247,2319.01247,2319.01247,2320.498413,space,1.482665,None,2320.499985,2320.611819,2320.94021,2320.907067,2320.907147,2320.94021,2320.94021,2320.94021,2322.196123,673,1,[1.2851325000228826],[1.2851501000113785],final,1,2024-11-11_11h13.11.595,Intentional binding,2024.1.5,None,2024-11-11 11h13.27.939400 +0530
0.1,400,unexp,0,0,0,0,0.0212309,,0.0172563,0.0212309,1.008225,1.008225,1.0247242,3.542678,space,2.5277976,None,3.5451237,3.657302267,3.9853635,3.9549263,3.9552064,3.9853635,3.9853635,3.9853635,10.3571119,600,1,[6.3977204999828245],[6.3977344000013545],final,1,2024-11-11_11h13.11.595,Intentional binding,2024.1.5,None,2024-11-11 11h13.27.939400 +0530
0.4,400,unexp,0,8,8,1,70.2519842,,70.2394465,70.2519842,71.2519559,71.2519559,71.2519559,71.6373056,space,0.3731732,None,71.6386166,72.05154167,72.3860417,72.3553122,72.3553756,72.3860417,72.3860417,72.3860417,79.2178558,700,1,[6.859234499977902],[6.859248900000239],final,1,2024-11-11_11h13.11.595,Intentional binding,2024.1.5,None,2024-11-11 11h13.27.939400 +0530
0.7,400,unexp,0,10,10,2,85.5469166,,85.5343284,85.5469166,86.5463734,86.5463734,86.5463734,87.1319722,space,0.5745399,None,87.1332297,87.84621137,88.1762039,88.1451475,88.1452188,88.1762039,88.1762039,88.1762039,92.8792272,999,1,[4.730731499992544],[4.7307452999812085],final,1,2024-11-11_11h13.11.595,Intentional binding,2024.1.5,None,2024-11-11 11h13.27.939400 +0530
0.1,400,unexp,1,1,13,0,113.8207265,,113.8079375,113.8207265,114.8204621,114.8204621,114.8204621,116.1725374,space,1.3377491,None,116.1738086,116.2865387,116.6165852,116.5853796,116.5854794,116.6165852,116.6165852,116.6165852,119.5877598,100,1,[2.9985634999757167],[2.9985786999750417],final,1,2024-11-11_11h13.11.595,Intentional binding,2024.1.5,None,2024-11-11 11h13.27.939400 +0530
0.4,400,unexp,1,4,16,1,130.1817974,,130.169139,130.1817974,131.1816859,131.1816859,131.1816859,131.5172562,space,0.3214071,None,131.5186879,131.931448,132.2678518,132.2354409,132.2355127,132.2678518,132.2678518,132.2678518,135.1990423,700,1,[2.9599674999772105],[2.9599817999987863],final,1,2024-11-11_11h13.11.595,Intentional binding,2024.1.5,None,2024-11-11 11h13.27.939400 +0530
0.7,400,unexp,1,10,22,2,159.0889066,,159.0758198,159.0889066,160.0886797,160.0886797,160.0886797,160.3408906,space,0.2410045,None,160.3421671,161.0548892,161.3872709,161.355096,161.35517,161.3872709,161.3872709,161.3872709,164.4223268,999,1,[3.063750600005733],[3.063764899998205],final,1,2024-11-11_11h13.11.595,Intentional binding,2024.1.5,None,2024-11-11 11h13.27.939400 +0530
0.7,400,unexp,2,0,24,2,168.7021871,,168.6895691,168.7021871,169.7020956,169.7020956,169.7020956,170.020885,space,0.3014855,None,170.0221315,170.7351921,171.0673881,171.0354052,171.0354778,171.0673881,171.0673881,171.0673881,173.8696509,999,1,[2.830736899981275],[2.8307572999910917],final,1,2024-11-11_11h13.11.595,Intentional binding,2024.1.5,None,2024-11-11 11h13.27.939400 +0530
0.4,400,unexp,2,5,29,1,198.4922476,,198.4793825,198.4922476,199.4920996,199.4920996,199.4920996,199.7942101,space,0.2856182,None,199.7954871,200.2084038,200.5374148,200.5051318,200.5052058,200.5374148,200.5374148,200.5374148,203.4594527,800,1,[2.950582999998005],[2.950601699994877],final,1,2024-11-11_11h13.11.595,Intentional binding,2024.1.5,None,2024-11-11 11h13.27.939400 +0530
0.1,400,unexp,2,7,31,0,209.0549487,,209.0419439,209.0549487,210.0552394,210.0552394,210.0552394,211.1402048,space,1.0673979,None,211.1415305,211.2546677,211.5876829,211.5551911,211.5552663,211.5876829,211.5876829,211.5876829,213.839104,400,1,[2.280239299987443],[2.2802550999913365],final,1,2024-11-11_11h13.11.595,Intentional binding,2024.1.5,None,2024-11-11 11h13.27.939400 +0530
0.7,400,unexp,3,1,37,2,245.7929481,,245.7802338,245.7929481,246.7928599,246.7928599,246.7928599,246.9965504,space,0.2006927,None,246.9979322,247.7093395,248.0373012,248.0051469,248.0052231,248.0373012,248.0373012,248.0373012,251.6930326,990,1,[3.6844075999979395],[3.6844227999972645],final,1,2024-11-11_11h13.11.595,Intentional binding,2024.1.5,None,2024-11-11 11h13.27.939400 +0530
0.1,400,unexp,3,6,42,0,276.2661612,,276.2531732,276.2661612,277.2658005,277.2658005,277.2658005,279.234401,space,1.9607959,None,279.2357063,279.3485267,279.6745877,279.6450396,279.6451141,279.6745877,279.6745877,279.6745877,288.2643649,530,1,[8.615323700010777],[8.615339100011624],final,1,2024-11-11_11h13.11.595,Intentional binding,2024.1.5,None,2024-11-11 11h13.27.939400 +0530
0.4,400,unexp,3,8,44,1,294.8598763,,294.8470515,294.8598763,295.8597517,295.8597517,295.8597517,296.3448237,space,0.4690269,None,296.3462276,296.7592655,297.0882532,297.0550023,297.055099,297.0882532,297.0882532,297.0882532,300.4099818,400,1,[3.3514776999945752],[3.351492700021481],final,1,2024-11-11_11h13.11.595,Intentional binding,2024.1.5,None,2024-11-11 11h13.27.939400 +0530
0.4,400,unexp,4,4,52,1,336.6459116,,336.6329648,336.6459116,337.6456298,337.6456298,337.6456298,338.1478107,space,0.4858093,None,338.1490974,338.562058,338.8977067,338.8654807,338.8655517,338.8977067,338.8977067,338.8977067,344.1788092,897,1,[5.309833499981323],[5.309854399994947],final,1,2024-11-11_11h13.11.595,Intentional binding,2024.1.5,None,2024-11-11 11h13.27.939400 +0530
0.7,400,unexp,4,7,55,2,355.039681,,355.0267417,355.039681,356.0395961,356.0395961,356.0395961,356.0761848,space,0.0337024,None,356.0776653,356.7893712,357.1190506,357.0854746,357.0855478,357.1190506,357.1190506,357.1190506,359.6905443,600,1,[2.6013406999991275],[2.6013550000207033],final,1,2024-11-11_11h13.11.595,Intentional binding,2024.1.5,None,2024-11-11 11h13.27.939400 +0530
0.1,400,unexp,4,8,56,0,359.7043597,,359.6920537,359.7043597,360.7045429,360.7045429,360.7045429,361.2067342,space,0.4897997,None,361.2081936,361.3209427,361.6565289,361.6251571,361.6252297,361.6565289,361.6565289,361.6565289,366.5215042,204,1,[4.892957300005946],[4.892971799999941],final,1,2024-11-11_11h13.11.595,Intentional binding,2024.1.5,None,2024-11-11 11h13.27.939400 +0530
0.4,400,unexp,5,0,60,1,383.6799947,,383.6669343,383.6799947,384.6799448,384.6799448,384.6799448,384.9988723,space,0.3127025,None,385.0003234,385.412826,385.7460875,385.7151869,385.7152582,385.7460875,385.7460875,385.7460875,387.8463752,409,1,[2.1275521999923512],[2.1275667999871075],final,1,2024-11-11_11h13.11.595,Intentional binding,2024.1.5,None,2024-11-11 11h13.27.939400 +0530
0.1,400,unexp,5,4,64,0,414.4530059,,414.4401849,414.4530059,415.4530008,415.4530008,415.4530008,415.637955,space,0.1676979,None,415.6393278,415.7527602,416.0875018,416.0553861,416.0554593,416.0875018,416.0875018,416.0875018,418.3873061,100,1,[2.328421199985314],[2.328436799987685],final,1,2024-11-11_11h13.11.595,Intentional binding,2024.1.5,None,2024-11-11 11h13.27.939400 +0530
0.7,400,unexp,5,9,69,2,439.011228,,438.9985579,439.011228,440.0112717,440.0112717,440.0112717,441.0799744,space,1.0604628,None,441.0814391,441.7938852,442.1265672,442.0950973,442.0951687,442.1265672,442.1265672,442.1265672,443.4286402,355,1,[1.3302152999967802],[1.3302322000090498],final,1,2024-11-11_11h13.11.595,Intentional binding,2024.1.5,None,2024-11-11 11h13.27.939400 +0530
0.1,400,unexp,6,6,78,0,494.5427362,,494.5298704,494.5427362,495.542671,495.542671,495.542671,499.1272335,space,3.5752246,None,499.1286743,499.2411577,499.5767119,499.5453164,499.5453887,499.5767119,499.5767119,499.5767119,502.408619,542,1,[2.8599123999883886],[2.8599268999823835],final,1,2024-11-11_11h13.11.595,Intentional binding,2024.1.5,None,2024-11-11 11h13.27.939400 +0530
0.7,400,unexp,6,8,80,2,506.7552639,,506.7426113,506.7552639,507.7550542,507.7550542,507.7550542,508.9571756,space,1.1934763,None,508.9585083,509.6710948,510.0083844,509.975099,509.9751701,510.0083844,510.0083844,510.0083844,512.3888231,675,1,[2.410460900020553],[2.4104880999948364],final,1,2024-11-11_11h13.11.595,Intentional binding,2024.1.5,None,2024-11-11 11h13.27.939400 +0530
0.4,400,unexp,6,9,81,1,512.4032487,,512.3902846,512.4032487,513.4032392,513.4032392,513.4032392,514.2218543,space,0.8120476,None,514.2231203,514.6361383,514.966392,514.9350431,514.9351462,514.966392,514.966392,514.966392,518.470457,884,1,[3.5316568999842275],[3.5316729999904055],final,1,2024-11-11_11h13.11.595,Intentional binding,2024.1.5,None,2024-11-11 11h13.27.939400 +0530
0.1,400,unexp,7,4,88,0,586.3781028,,586.3651905,586.3781028,587.3782845,587.3782845,587.3782845,587.5136926,space,0.1234483,None,587.5154151,587.6280821,587.9549928,587.9249478,587.9250464,587.9549928,587.9549928,587.9549928,590.2961614,677,1,[2.367705000011483],[2.367720400012331],final,1,2024-11-11_11h13.11.595,Intentional binding,2024.1.5,None,2024-11-11 11h13.27.939400 +0530
0.4,400,unexp,7,9,93,1,611.336853,,611.3238807,611.336853,612.336597,612.336597,612.336597,613.1052193,space,0.7613685,None,613.1064591,613.519662,613.8459608,613.8150772,613.8151422,613.8459608,613.8459608,613.8459608,615.8376593,543,1,[2.0190454999974463],[2.0190619000059087],final,1,2024-11-11_11h13.11.595,Intentional binding,2024.1.5,None,2024-11-11 11h13.27.939400 +0530
0.7,400,unexp,7,10,94,2,615.8521166,,615.8391597,615.8521166,616.8517007,616.8517007,616.8517007,617.8367941,space,0.9809804,None,617.8381035,618.5512157,618.88191,618.8551733,618.8552384,618.88191,618.88191,618.88191,621.0192462,132,1,[2.161115700000664],[2.161131500004558],final,1,2024-11-11_11h13.11.595,Intentional binding,2024.1.5,None,2024-11-11 11h13.27.939400 +0530
0.4,400,unexp,8,7,103,1,669.8172052,,669.8037672,669.8172052,670.8169507,670.8169507,670.8169507,673.4350397,space,2.6075661,None,673.4364697,673.8492249,674.1774938,674.1450746,674.1451474,674.1774938,674.1774938,674.1774938,680.3324833,567,1,[6.183789300004719],[6.183803900028579],final,1,2024-11-11_11h13.11.595,Intentional binding,2024.1.5,None,2024-11-11 11h13.27.939400 +0530
0.7,400,unexp,8,10,106,2,692.8593343,,692.8465282,692.8593343,693.8593861,693.8593861,693.8593861,696.0274432,space,2.1522281,None,696.0287062,696.7414843,697.0770379,697.0454038,697.0454739,697.0770379,697.0770379,697.0770379,700.0591387,321,1,[3.0103906999866012],[3.0104055000119843],final,1,2024-11-11_11h13.11.595,Intentional binding,2024.1.5,None,2024-11-11 11h13.27.939400 +0530
0.1,400,unexp,8,11,107,0,700.0737763,,700.0606033,700.0737763,701.0735425,701.0735425,701.0735425,702.1759013,space,1.0995684,None,702.177154,702.2896279,702.6159836,702.5853391,702.5854118,702.6159836,702.6159836,702.6159836,704.3076227,838,1,[1.718249300000025],[1.7182674999930896],final,1,2024-11-11_11h13.11.595,Intentional binding,2024.1.5,None,2024-11-11 11h13.27.939400 +0530
0.4,400,unexp,9,1,109,1,708.3875767,,708.3745567,708.3875767,709.3872864,709.3872864,709.3872864,710.1725868,space,0.7747825,None,710.1738533,710.5869236,710.9176301,710.8856946,710.8857696,710.9176301,710.9176301,710.9176301,712.3051392,673,1,[1.4147782000072766],[1.4147998999978881],final,1,2024-11-11_11h13.11.595,Intentional binding,2024.1.5,None,2024-11-11 11h13.27.939400 +0530
0.7,400,unexp,9,4,112,2,730.6635239,,730.6507646,730.6635239,731.6630968,731.6630968,731.6630968,732.4983252,space,0.8235358,None,732.4996117,733.2125994,733.5482947,733.5154051,733.5154747,733.5482947,733.5482947,733.5482947,739.1291447,278,1,[5.610271499986993],[5.610286199982511],final,1,2024-11-11_11h13.11.595,Intentional binding,2024.1.5,None,2024-11-11 11h13.27.939400 +0530
0.1,400,unexp,9,10,118,0,773.8488749,,773.8360673,773.8488749,774.8487528,774.8487528,774.8487528,777.8829389,space,3.0250482,None,777.8844347,777.9973432,778.3271293,778.2954966,778.2955898,778.3271293,778.3271293,778.3271293,781.8982923,678,1,[3.599175000010291],[3.599189500004286],final,1,2024-11-11_11h13.11.595,Intentional binding,2024.1.5,None,2024-11-11 11h13.27.939400 +0530
0.7,400,unexp,10,3,123,2,805.0881656,,805.0753024,805.0881656,806.0881913,806.0881913,806.0881913,808.1898178,space,2.0961186,None,808.1911495,808.90377,809.238127,809.2051977,809.205256,809.238127,809.238127,809.238127,812.0048642,567,1,[2.7967537000076845],[2.7967685000039637],final,1,2024-11-11_11h13.11.595,Intentional binding,2024.1.5,None,2024-11-11 11h13.27.939400 +0530
0.4,400,unexp,10,5,125,1,817.717397,,817.7047681,817.717397,818.7172778,818.7172778,818.7172778,819.1030533,space,0.3798093,None,819.104479,819.5170402,819.8462367,819.8152419,819.8153152,819.8462367,819.8462367,819.8462367,827.1830258,346,1,[7.364252100000158],[7.364266899996437],final,1,2024-11-11_11h13.11.595,Intentional binding,2024.1.5,None,2024-11-11 11h13.27.939400 +0530
0.1,400,unexp,10,10,130,0,850.8730531,,850.8601878,850.8730531,851.8728317,851.8728317,851.8728317,853.008185,space,1.1289156,None,853.0096327,853.1217724,853.4578899,853.4250337,853.4251052,853.4578899,853.4578899,853.4578899,856.4898429,900,1,[3.0614673999953084],[3.0614825999946333],final,1,2024-11-11_11h13.11.595,Intentional binding,2024.1.5,None,2024-11-11 11h13.27.939400 +0530
0.7,400,unexp,11,1,133,2,868.1497229,,868.1373084,868.1497229,869.1496977,869.1496977,869.1496977,869.2515523,space,0.0845365,None,869.2527989,869.9662346,870.2984374,870.26541,870.2655125,870.2984374,870.2984374,870.2984374,873.6996583,890,1,[3.430583100009244],[3.4305963999941014],final,1,2024-11-11_11h13.11.595,Intentional binding,2024.1.5,None,2024-11-11 11h13.27.939400 +0530
0.1,400,unexp,11,8,140,0,903.4711746,,903.4582021,903.4711746,904.4713591,904.4713591,904.4713591,906.0397629,space,1.5572367,None,906.0411995,906.1540474,906.4884263,906.4550256,906.4551004,906.4884263,906.4884263,906.4884263,909.438121,678,1,[2.9791870999906678],[2.979201100009959],final,1,2024-11-11_11h13.11.595,Intentional binding,2024.1.5,None,2024-11-11 11h13.27.939400 +0530
0.4,400,unexp,11,9,141,1,909.4525791,,909.4396601,909.4525791,910.4525379,910.4525379,910.4525379,911.0213518,space,0.562367,None,911.0228489,911.4355932,911.7668734,911.7356357,911.7356969,911.7668734,911.7668734,911.7668734,913.2697405,987,1,[1.5299624000035692],[1.529975999990711],final,1,2024-11-11_11h13.11.595,Intentional binding,2024.1.5,None,2024-11-11 11h13.27.939400 +0530
0.7,400,unexp,12,1,145,2,932.1615366,,932.1493473,932.1615366,933.1615063,933.1615063,933.1615063,933.9134926,space,0.7383912,None,933.914922,934.627932,934.957524,934.9250125,934.9251035,934.957524,934.957524,934.957524,937.1949343,456,1,[2.2663189999875613],[2.2663346999906935],final,1,2024-11-11_11h13.11.595,Intentional binding,2024.1.5,None,2024-11-11 11h13.27.939400 +0530
0.4,400,unexp,12,4,148,1,979.1964066,,979.1825462,979.1964066,980.1962386,980.1962386,980.1962386,982.8808858,space,2.6742598,None,982.8822234,983.2951015,983.6238207,983.5954281,983.5954925,983.6238207,983.6238207,983.6238207,986.7462889,789,1,[3.1476459999976214],[3.147660899994662],final,1,2024-11-11_11h13.11.595,Intentional binding,2024.1.5,None,2024-11-11 11h13.27.939400 +0530
0.1,400,unexp,12,9,153,0,1015.1675,,1015.154801,1015.1675,1016.167576,1016.167576,1016.167576,1016.90285,space,0.7251663,None,1016.90412,1017.017252,1017.34823,1017.315306,1017.315383,1017.34823,1017.34823,1017.34823,1024.28349,457,1,[6.964554300007876],[6.964569500007201],final,1,2024-11-11_11h13.11.595,Intentional binding,2024.1.5,None,2024-11-11 11h13.27.939400 +0530
0.7,400,unexp,13,1,157,2,1040.925776,,1040.912749,1040.925776,1041.925669,1041.925669,1041.925669,1042.660943,space,0.7311828,None,1042.662215,1043.374956,1043.708737,1043.675151,1043.675227,1043.708737,1043.708737,1043.708737,1047.342339,677,1,[3.663855999999214],[3.663870799995493],final,1,2024-11-11_11h13.11.595,Intentional binding,2024.1.5,None,2024-11-11 11h13.27.939400 +0530
0.4,400,unexp,13,9,165,1,1088.493074,,1088.480685,1088.493074,1089.492926,1089.492926,1089.492926,1096.842513,space,7.3407017,None,1096.843841,1097.256929,1097.589163,1097.55528,1097.555395,1097.589163,1097.589163,1097.589163,1099.706353,457,1,[2.146819899993716],[2.146836500003701],final,1,2024-11-11_11h13.11.595,Intentional binding,2024.1.5,None,2024-11-11 11h13.27.939400 +0530
0.1,400,unexp,13,11,167,0,1103.754625,,1103.741468,1103.754625,1104.754449,1104.754449,1104.754449,1104.839928,space,0.0695829,None,1104.841194,1104.954242,1105.287627,1105.255363,1105.255451,1105.287627,1105.287627,1105.287627,1111.653176,890,1,[6.394311399984872],[6.394325600005686],final,1,2024-11-11_11h13.11.595,Intentional binding,2024.1.5,None,2024-11-11 11h13.27.939400 +0530
0.4,400,unexp,14,0,168,1,1111.668026,,1111.654812,1111.668026,1112.667709,1112.667709,1112.667709,1112.987039,space,0.3148901,None,1112.988434,1113.400849,1113.736326,1113.705599,1113.705669,1113.736326,1113.736326,1113.736326,1117.501013,344,1,[3.792042900022352],[3.7920558000041638],final,1,2024-11-11_11h13.11.595,Intentional binding,2024.1.5,None,2024-11-11 11h13.27.939400 +0530
0.7,400,unexp,14,1,169,2,1117.515975,,1117.502451,1117.515975,1118.515903,1118.515903,1118.515903,1118.752077,space,0.2331957,None,1118.753333,1119.465799,1119.796049,1119.765713,1119.765785,1119.796049,1119.796049,1119.796049,1122.533652,675,1,[2.764602500014007],[2.764617700013332],final,1,2024-11-11_11h13.11.595,Intentional binding,2024.1.5,None,2024-11-11 11h13.27.939400 +0530
0.1,400,unexp,14,4,172,0,1132.178369,,1132.165507,1132.178369,1133.178244,1133.178244,1133.178244,1133.29697,space,0.1024523,None,1133.298333,1133.411521,1133.74669,1133.715495,1133.715584,1133.74669,1133.74669,1133.74669,1136.212585,785,1,[2.4936697999946773],[2.493684499990195],final,1,2024-11-11_11h13.11.595,Intentional binding,2024.1.5,None,2024-11-11 11h13.27.939400 +0530
0.4,400,unexp,15,1,181,1,1176.230187,,1176.217291,1176.230187,1177.229991,1177.229991,1177.229991,1177.382092,space,0.1358355,None,1177.383336,1177.79659,1178.126237,1178.095137,1178.095208,1178.126237,1178.126237,1178.126237,1180.214215,976,1,[2.1158091999823228],[2.115824499982409],final,1,2024-11-11_11h13.11.595,Intentional binding,2024.1.5,None,2024-11-11 11h13.27.939400 +0530
0.7,400,unexp,15,6,186,2,1205.170371,,1205.157206,1205.170371,1206.170379,1206.170379,1206.170379,1207.822214,space,1.6433884,None,1207.82349,1208.536302,1208.865928,1208.835276,1208.83535,1208.865928,1208.865928,1208.865928,1211.13731,657,1,[2.2986183000029996],[2.298632899997756],final,1,2024-11-11_11h13.11.595,Intentional binding,2024.1.5,None,2024-11-11 11h13.27.939400 +0530
0.1,400,unexp,15,8,188,0,1215.949943,,1215.937637,1215.949943,1216.95005,1216.95005,1216.95005,1217.335855,space,0.3830917,None,1217.337114,1217.449844,1217.776809,1217.745442,1217.745532,1217.776809,1217.776809,1217.776809,1219.368072,987,1,[1.6187446000112686],[1.6187804999935906],final,1,2024-11-11_11h13.11.595,Intentional binding,2024.1.5,None,2024-11-11 11h13.27.939400 +0530
0.4,400,unexp,16,2,194,1,1247.505941,,1247.492928,1247.505941,1248.505864,1248.505864,1248.505864,1248.575421,space,0.0599877,None,1248.576681,1248.989143,1249.317288,1249.285267,1249.285339,1249.317288,1249.317288,1249.317288,1251.707045,768,1,[2.4183316999988165],[2.4183466999966186],final,1,2024-11-11_11h13.11.595,Intentional binding,2024.1.5,None,2024-11-11 11h13.27.939400 +0530
0.7,400,unexp,16,6,198,2,1283.693993,,1283.681606,1283.693993,1284.694012,1284.694012,1284.694012,1285.06218,space,0.3530248,None,1285.063234,1285.776469,1286.106538,1286.075194,1286.075282,1286.106538,1286.106538,1286.106538,1289.761,878,1,[3.6824217999819666],[3.682436900009634],final,1,2024-11-11_11h13.11.595,Intentional binding,2024.1.5,None,2024-11-11 11h13.27.939400 +0530
0.1,400,unexp,16,11,203,0,1319.115544,,1319.102709,1319.115544,1320.115403,1320.115403,1320.115403,1321.083835,space,0.9546456,None,1321.085699,1321.198312,1321.527824,1321.495234,1321.495307,1321.527824,1321.527824,1321.527824,1324.049564,232,1,[2.5505529000074603],[2.5505690000136383],final,1,2024-11-11_11h13.11.595,Intentional binding,2024.1.5,None,2024-11-11 11h13.27.939400 +0530
0.7,400,unexp,17,0,204,2,1324.063782,,1324.051135,1324.063782,1325.063688,1325.063688,1325.063688,1325.332881,space,0.2561438,None,1325.334343,1326.046581,1326.378141,1326.345089,1326.345183,1326.378141,1326.378141,1326.378141,1329.497472,900,1,[3.1487631000054535],[3.1487789999810047],final,1,2024-11-11_11h13.11.595,Intentional binding,2024.1.5,None,2024-11-11 11h13.27.939400 +0530
0.4,400,unexp,17,8,212,1,1365.249447,,1365.236383,1365.249447,1366.249233,1366.249233,1366.249233,1366.384647,space,0.1224594,None,1366.385902,1366.798914,1367.12797,1367.095187,1367.095282,1367.12797,1367.12797,1367.12797,1369.666989,980,1,[2.5679828000138514],[2.567997900012415],final,1,2024-11-11_11h13.11.595,Intentional binding,2024.1.5,None,2024-11-11 11h13.27.939400 +0530
0.1,400,unexp,17,9,213,0,1369.681205,,1369.668377,1369.681205,1370.681184,1370.681184,1370.681184,1370.716893,space,0.0284345,None,1370.718138,1370.83093,1371.168218,1371.13553,1371.135615,1371.168218,1371.168218,1371.168218,1373.482509,908,1,[2.3433037000067998],[2.343319400009932],final,1,2024-11-11_11h13.11.595,Intentional binding,2024.1.5,None,2024-11-11 11h13.27.939400 +0530
0.7,400,unexp,18,5,221,2,1423.479744,,1423.46729,1423.479744,1424.479846,1424.479846,1424.479846,1429.564241,space,5.0812344,None,1429.565759,1430.277779,1430.607826,1430.574979,1430.575064,1430.607826,1430.607826,1430.607826,1434.245319,678,1,[3.666518799989717],[3.666535500000464],final,1,2024-11-11_11h13.11.595,Intentional binding,2024.1.5,None,2024-11-11 11h13.27.939400 +0530
0.4,400,unexp,18,8,224,1,1452.603277,,1452.590296,1452.603277,1453.603064,1453.603064,1453.603064,1454.788217,space,1.1764569,None,1454.789492,1455.202863,1455.539361,1455.505547,1455.50562,1455.539361,1455.539361,1455.539361,1457.154024,789,1,[1.644812099984847],[1.6448257000010926],final,1,2024-11-11_11h13.11.595,Intentional binding,2024.1.5,None,2024-11-11 11h13.27.939400 +0530
0.1,400,unexp,18,10,226,0,1465.615629,,1465.602813,1465.615629,1466.615556,1466.615556,1466.615556,1468.550818,space,1.9311935,None,1468.552092,1468.665244,1468.996527,1468.965522,1468.965592,1468.996527,1468.996527,1468.996527,1471.016572,788,1,[2.047553099982906],[2.0475719000096433],final,1,2024-11-11_11h13.11.595,Intentional binding,2024.1.5,None,2024-11-11 11h13.27.939400 +0530
0.7,400,unexp,19,3,231,2,1488.175227,,1488.162367,1488.175227,1489.175041,1489.175041,1489.175041,1489.827292,space,0.646282,None,1489.828554,1490.541293,1490.875775,1490.845302,1490.845374,1490.875775,1490.875775,1490.875775,1493.376149,879,1,[2.5273356000252534],[2.5273512999992818],final,1,2024-11-11_11h13.11.595,Intentional binding,2024.1.5,None,2024-11-11 11h13.27.939400 +0530
0.1,400,unexp,19,5,233,0,1500.404638,,1500.391649,1500.404638,1501.404545,1501.404545,1501.404545,1502.173422,space,0.7538998,None,1502.174771,1502.287344,1502.615918,1502.585404,1502.5855,1502.615918,1502.615918,1502.615918,1504.905554,345,1,[2.316511700017145],[2.3165297000086866],final,1,2024-11-11_11h13.11.595,Intentional binding,2024.1.5,None,2024-11-11 11h13.27.939400 +0530
0.4,400,unexp,19,9,237,1,1518.865143,,1518.852248,1518.865143,1519.864671,1519.864671,1519.864671,1520.966704,space,1.087742,None,1520.967922,1521.381084,1521.716198,1521.685384,1521.685455,1521.716198,1521.716198,1521.716198,1523.817903,566,1,[2.1294679999991786],[2.1294786000216845],final,1,2024-11-11_11h13.11.595,Intentional binding,2024.1.5,None,2024-11-11 11h13.27.939400 +0530
0.4,400,unexp,20,3,243,1,1545.889231,,1545.876265,1545.889231,1546.88927,1546.88927,1546.88927,1548.724254,space,1.8199372,None,1548.725532,1549.13856,1549.462207,1549.434598,1549.434645,1549.462207,1549.462207,1549.462207,1550.90649,978,1,[1.4692317000008188],[1.4692467999993823],final,1,2024-11-11_11h13.11.595,Intentional binding,2024.1.5,None,2024-11-11 11h13.27.939400 +0530
0.1,400,unexp,20,7,247,0,1565.73281,,1565.720595,1565.73281,1566.732363,1566.732363,1566.732363,1566.884505,space,0.1345144,None,1566.885948,1566.999022,1567.327341,1567.295351,1567.295445,1567.327341,1567.327341,1567.327341,1569.516798,345,1,[2.2177271000109613],[2.2177448000002187],final,1,2024-11-11_11h13.11.595,Intentional binding,2024.1.5,None,2024-11-11 11h13.27.939400 +0530
0.7,400,unexp,20,11,251,2,1591.156835,,1591.143212,1591.156835,1592.156433,1592.156433,1592.156433,1592.442067,space,0.2758852,None,1592.443305,1593.156177,1593.488895,1593.455328,1593.455399,1593.488895,1593.488895,1593.488895,1595.190286,546,1,[1.7315903000126127],[1.7316026000189595],final,1,2024-11-11_11h13.11.595,Intentional binding,2024.1.5,None,2024-11-11 11h13.27.939400 +0530
0.7,400,unexp,21,5,257,2,1621.296668,,1621.284386,1621.296668,1622.296608,1622.296608,1622.296608,1622.932352,space,0.6250925,None,1622.933644,1623.645942,1623.97655,1623.945235,1623.945309,1623.97655,1623.97655,1623.97655,1627.096614,456,1,[3.1476018000103068],[3.1476153999974485],final,1,2024-11-11_11h13.11.595,Intentional binding,2024.1.5,None,2024-11-11 11h13.27.939400 +0530
0.1,400,unexp,21,7,259,0,1635.674987,,1635.661851,1635.674987,1636.67498,1636.67498,1636.67498,1637.726994,space,1.0428579,None,1637.728284,1637.841481,1638.177587,1638.14515,1638.145221,1638.177587,1638.177587,1638.177587,1641.324974,457,1,[3.1764345999981742],[3.176449499995215],final,1,2024-11-11_11h13.11.595,Intentional binding,2024.1.5,None,2024-11-11 11h13.27.939400 +0530
0.4,400,unexp,21,11,263,1,1653.485646,,1653.472254,1653.485646,1654.485586,1654.485586,1654.485586,1654.80441,space,0.3092355,None,1654.805679,1655.218763,1655.547759,1655.515483,1655.515554,1655.547759,1655.547759,1655.547759,1658.253074,980,1,[2.7338454000127967],[2.733859500003746],final,1,2024-11-11_11h13.11.595,Intentional binding,2024.1.5,None,2024-11-11 11h13.27.939400 +0530
0.4,400,unexp,22,2,266,1,1669.896967,,1669.884954,1669.896967,1670.897135,1670.897135,1670.897135,1671.299326,space,0.3981131,None,1671.300551,1671.713303,1672.04857,1672.015302,1672.015374,1672.04857,1672.04857,1672.04857,1674.581432,655,1,[2.562456099985866],[2.562469799973769],final,1,2024-11-11_11h13.11.595,Intentional binding,2024.1.5,None,2024-11-11 11h13.27.939400 +0530
0.7,400,unexp,22,4,268,2,1679.144239,,1679.13167,1679.144239,1680.144324,1680.144324,1680.144324,1680.396273,space,0.2419135,None,1680.39758,1681.110611,1681.447004,1681.415092,1681.415163,1681.447004,1681.447004,1681.447004,1686.210982,999,1,[4.792449500004295],[4.79246399999829],final,1,2024-11-11_11h13.11.595,Intentional binding,2024.1.5,None,2024-11-11 11h13.27.939400 +0530
0.1,400,unexp,22,6,270,0,1689.907435,,1689.894599,1689.907435,1690.907394,1690.907394,1690.907394,1691.276136,space,0.3540759,None,1691.277522,1691.39049,1691.726282,1691.695119,1691.695184,1691.726282,1691.726282,1691.726282,1693.87515,908,1,[2.176567900023656],[2.1765825000184122],final,1,2024-11-11_11h13.11.595,Intentional binding,2024.1.5,None,2024-11-11 11h13.27.939400 +0530
0.1,400,unexp,23,0,276,0,1718.747804,,1718.734879,1718.747804,1719.74775,1719.74775,1719.74775,1720.000027,space,0.2474498,None,1720.001281,1720.114217,1720.449749,1720.415497,1720.415569,1720.449749,1720.449749,1720.449749,1722.465057,456,1,[2.0453197000024375],[2.0453354000055697],final,1,2024-11-11_11h13.11.595,Intentional binding,2024.1.5,None,2024-11-11 11h13.27.939400 +0530
0.4,400,unexp,23,7,283,1,1749.320896,,1749.307835,1749.320896,1750.320856,1750.320856,1750.320856,1750.789254,space,0.458341,None,1750.790475,1751.203622,1751.535791,1751.505127,1751.505197,1751.535791,1751.535791,1751.535791,1753.621275,897,1,[2.1130288999993354],[2.113043099991046],final,1,2024-11-11_11h13.11.595,Intentional binding,2024.1.5,None,2024-11-11 11h13.27.939400 +0530
0.7,400,unexp,23,11,287,2,1769.564008,,1769.551012,1769.564008,1770.56384,1770.56384,1770.56384,1770.782544,space,0.2113535,None,1770.783752,1771.496903,1771.827628,1771.795597,1771.795659,1771.827628,1771.827628,1771.827628,1772.881829,876,1,[1.0790860999841243],[1.0791005000064615],final,1,2024-11-11_11h13.11.595,Intentional binding,2024.1.5,None,2024-11-11 11h13.27.939400 +0530
0.7,400,unexp,24,2,290,2,1788.607607,,1788.594237,1788.607607,1789.60751,1789.60751,1789.60751,1790.876555,space,1.2667113,None,1790.877777,1791.590112,1791.914981,1791.885299,1791.885396,1791.914981,1791.914981,1791.914981,1794.34147,889,1,[2.452570299996296],[2.4525863000017125],final,1,2024-11-11_11h13.11.595,Intentional binding,2024.1.5,None,2024-11-11 11h13.27.939400 +0530
0.4,400,unexp,24,4,292,1,1799.703936,,1799.690876,1799.703936,1800.703746,1800.703746,1800.703746,1800.889061,space,0.1704351,None,1800.890298,1801.303438,1801.634397,1801.605988,1801.606057,1801.634397,1801.634397,1801.634397,1803.754674,788,1,[2.141203500010306],[2.141219600016484],final,1,2024-11-11_11h13.11.595,Intentional binding,2024.1.5,None,2024-11-11 11h13.27.939400 +0530
0.1,400,unexp,24,11,299,0,1831.275893,,1831.263559,1831.275893,1832.276026,1832.276026,1832.276026,1832.427971,space,0.1424344,None,1832.429417,1832.542638,1832.876105,1832.845435,1832.845504,1832.876105,1832.876105,1832.876105,1834.393194,667,1,[1.544379700004356],[1.544392899988452],final,1,2024-11-11_11h13.11.595,Intentional binding,2024.1.5,None,2024-11-11 11h13.27.939400 +0530
0.1,400,unexp,25,6,306,0,1860.116142,,1860.103445,1860.116142,1861.116345,1861.116345,1861.116345,1861.584993,space,0.4590034,None,1861.586249,1861.699397,1862.025853,1861.995145,1861.995236,1862.025853,1862.025853,1862.025853,1864.450253,788,1,[2.4519731999898795],[2.4519865999754984],final,1,2024-11-11_11h13.11.595,Intentional binding,2024.1.5,None,2024-11-11 11h13.27.939400 +0530
0.4,400,unexp,25,9,309,1,1878.343476,,1878.330961,1878.343476,1879.343532,1879.343532,1879.343532,1881.161654,space,1.8090989,None,1881.162941,1881.575991,1881.906502,1881.875772,1881.875861,1881.906502,1881.906502,1881.906502,1885.009815,878,1,[3.130424800008768],[3.130439300002763],final,1,2024-11-11_11h13.11.595,Intentional binding,2024.1.5,None,2024-11-11 11h13.27.939400 +0530
0.7,400,unexp,25,11,311,2,1888.823214,,1888.809766,1888.823214,1889.823318,1889.823318,1889.823318,1890.625085,space,0.7849068,None,1890.626433,1891.339402,1891.665709,1891.635131,1891.635202,1891.665709,1891.665709,1891.665709,1893.806819,234,1,[2.1681460000108927],[2.1681588999927044],final,1,2024-11-11_11h13.11.595,Intentional binding,2024.1.5,None,2024-11-11 11h13.27.939400 +0530
0.4,400,unexp,26,0,312,1,1893.82144,,1893.808285,1893.82144,1894.821568,1894.821568,1894.821568,1895.606583,space,0.7805235,None,1895.607811,1896.021357,1896.357672,1896.325648,1896.325719,1896.357672,1896.357672,1896.357672,1897.789834,987,1,[1.460473400016781],[1.4604883000138216],final,1,2024-11-11_11h13.11.595,Intentional binding,2024.1.5,None,2024-11-11 11h13.27.939400 +0530
0.1,400,unexp,26,6,318,0,1937.723219,,1937.715088,1937.723219,1938.723417,1938.723417,1938.723417,1942.874691,space,4.1420582,None,1942.87601,1942.989113,1943.307433,1943.276016,1943.276096,1943.307433,1943.307433,1943.307433,1946.255696,436,1,[2.976043500006199],[2.9760649999952875],final,1,2024-11-11_11h13.11.595,Intentional binding,2024.1.5,None,2024-11-11 11h13.27.939400 +0530
0.7,400,unexp,26,8,320,2,1958.833403,,1958.820601,1958.833403,1959.833643,1959.833643,1959.833643,1965.516601,space,5.6678607,None,1965.518304,1966.231438,1966.547159,1966.516266,1966.516324,1966.547159,1966.547159,1966.547159,1970.215447,678,1,[3.6958800999855157],[3.6958970999985468],final,1,2024-11-11_11h13.11.595,Intentional binding,2024.1.5,None,2024-11-11 11h13.27.939400 +0530
0.4,400,unexp,27,2,326,1,1994.505118,,1994.492041,1994.505118,1995.504657,1995.504657,1995.504657,1996.323066,space,0.8018739,None,1996.324157,1996.737999,1997.056626,1997.025989,1997.026059,1997.056626,1997.056626,1997.056626,1999.088928,577,1,[2.0595467999810353],[2.059561300004134],final,1,2024-11-11_11h13.11.595,Intentional binding,2024.1.5,None,2024-11-11 11h13.27.939400 +0530
0.7,400,unexp,27,6,330,2,2017.963529,,2017.950503,2017.963529,2018.963479,2018.963479,2018.963479,2019.931928,space,0.9518614,None,2019.932916,2020.646428,2020.967558,2020.936131,2020.9362,2020.967558,2020.967558,2020.967558,2023.099372,658,1,[2.159716900001513],[2.159733500011498],final,1,2024-11-11_11h13.11.595,Intentional binding,2024.1.5,None,2024-11-11 11h13.27.939400 +0530
0.1,400,unexp,27,11,335,0,2042.422333,,2042.409726,2042.422333,2043.422095,2043.422095,2043.422095,2043.807761,space,0.3731456,None,2043.808998,2043.921854,2044.247824,2044.216072,2044.216143,2044.247824,2044.247824,2044.247824,2046.056577,678,1,[1.8370750999893062],[1.8370924000046216],final,1,2024-11-11_11h13.11.595,Intentional binding,2024.1.5,None,2024-11-11 11h13.27.939400 +0530
0.1,400,unexp,28,0,336,0,2046.071194,,2046.058009,2046.071194,2047.070923,2047.070923,2047.070923,2047.355995,space,0.2696927,None,2047.356984,2047.470729,2047.797356,2047.765707,2047.765781,2047.797356,2047.797356,2047.797356,2051.172323,999,1,[3.4023776999965776],[3.402391699986765],final,1,2024-11-11_11h13.11.595,Intentional binding,2024.1.5,None,2024-11-11 11h13.27.939400 +0530
0.7,400,unexp,28,5,341,2,2077.743187,,2077.730053,2077.743187,2078.743117,2078.743117,2078.743117,2078.911656,space,0.156616,None,2078.912901,2079.626156,2079.945994,2079.91593,2079.916008,2079.945994,2079.945994,2079.945994,2081.461131,890,1,[1.5417989999987185],[1.5418122000119183],final,1,2024-11-11_11h13.11.595,Intentional binding,2024.1.5,None,2024-11-11 11h13.27.939400 +0530
0.4,400,unexp,28,11,347,1,2102.634624,,2102.621602,2102.634624,2103.634672,2103.634672,2103.634672,2103.770948,space,0.1309264,None,2103.772204,2104.184613,2104.50646,2104.476439,2104.476511,2104.50646,2104.50646,2104.50646,2108.568623,234,1,[4.088764900021488],[4.0887798000185285],final,1,2024-11-11_11h13.11.595,Intentional binding,2024.1.5,None,2024-11-11 11h13.27.939400 +0530
0.7,400,unexp,29,1,349,2,2112.93132,,2112.918711,2112.93132,2113.931208,2113.931208,2113.931208,2115.465828,space,1.5330136,None,2115.466781,2116.180536,2116.497169,2116.465631,2116.465703,2116.497169,2116.497169,2116.497169,2118.265556,657,1,[1.7965165000059642],[1.7965302999946289],final,1,2024-11-11_11h13.11.595,Intentional binding,2024.1.5,None,2024-11-11 11h13.27.939400 +0530
0.4,400,unexp,29,3,351,1,2122.145611,,2122.13244,2122.145611,2123.145347,2123.145347,2123.145347,2123.779639,space,0.6290653,None,2123.780504,2124.194738,2124.51874,2124.48591,2124.485985,2124.51874,2124.51874,2124.51874,2126.696725,689,1,[2.207312100013951],[2.2073289999971166],final,1,2024-11-11_11h13.11.595,Intentional binding,2024.1.5,None,2024-11-11 11h13.27.939400 +0530
0.1,400,unexp,29,5,353,0,2132.775258,,2132.762758,2132.775258,2133.775203,2133.775203,2133.775203,2135.126991,space,1.3368295,None,2135.128239,2135.24137,2135.568079,2135.536225,2135.536299,2135.568079,2135.568079,2135.568079,2137.859373,687,1,[2.3189545000204816],[2.3189704000251368],final,1,2024-11-11_11h13.11.595,Intentional binding,2024.1.5,None,2024-11-11 11h13.27.939400 +0530
0.4,400,unexp,30,3,363,1,2179.992801,,2179.980219,2179.992801,2180.992486,2180.992486,2180.992486,2181.327979,space,0.331779,None,2181.329434,2181.742345,2182.069413,2182.036301,2182.036372,2182.069413,2182.069413,2182.069413,2183.943294,566,1,[1.903479900007369],[1.9034940999990795],final,1,2024-11-11_11h13.11.595,Intentional binding,2024.1.5,None,2024-11-11 11h13.27.939400 +0530
0.1,400,unexp,30,5,365,0,2188.023542,,2188.010444,2188.023542,2189.023221,2189.023221,2189.023221,2189.725338,space,0.6873301,None,2189.726805,2189.839518,2190.156828,2190.125855,2190.125929,2190.156828,2190.156828,2190.156828,2194.47339,678,1,[4.343993299989961],[4.34401109997998],final,1,2024-11-11_11h13.11.595,Intentional binding,2024.1.5,None,2024-11-11 11h13.27.939400 +0530
0.7,400,unexp,30,6,366,2,2194.487843,,2194.475399,2194.487843,2195.487717,2195.487717,2195.487717,2195.989599,space,0.4842913,None,2195.990875,2196.70358,2197.0364,2196.996907,2196.996981,2197.0364,2197.0364,2197.0364,2198.671778,776,1,[1.671121099992888],[1.6711348000098951],final,1,2024-11-11_11h13.11.595,Intentional binding,2024.1.5,None,2024-11-11 11h13.27.939400 +0530
0.4,400,unexp,31,7,379,1,2250.868895,,2250.85616,2250.868895,2251.868764,2251.868764,2251.868764,2252.287397,space,0.4031122,None,2252.288637,2252.701776,2253.028742,2252.996293,2252.996364,2253.028742,2253.028742,2253.028742,2255.17028,436,1,[2.1705514000204857],[2.1705715999996755],final,1,2024-11-11_11h13.11.595,Intentional binding,2024.1.5,None,2024-11-11 11h13.27.939400 +0530
0.7,400,unexp,31,10,382,2,2264.864373,,2264.851513,2264.864373,2265.864181,2265.864181,2265.864181,2265.966279,space,0.0914078,None,2265.967537,2266.680588,2266.996407,2266.96648,2266.966554,2266.996407,2266.996407,2266.996407,2268.93209,890,1,[1.9620628999837209],[1.962079899996752],final,1,2024-11-11_11h13.11.595,Intentional binding,2024.1.5,None,2024-11-11 11h13.27.939400 +0530
0.1,400,unexp,31,11,383,0,2268.946182,,2268.93363,2268.946182,2269.946162,2269.946162,2269.946162,2270.065117,space,0.1143558,None,2270.066701,2270.179239,2270.494398,2270.465235,2270.465296,2270.494398,2270.494398,2270.494398,2272.580651,890,1,[2.1121956999995746],[2.1122116000042297],final,1,2024-11-11_11h13.11.595,Intentional binding,2024.1.5,None,2024-11-11 11h13.27.939400 +0530
0.1,400,unexp,32,0,384,0,2272.595163,,2272.582167,2272.595163,2273.594675,2273.594675,2273.594675,2274.08016,space,0.4788119,None,2274.081481,2274.194475,2274.519138,2274.486356,2274.486427,2274.519138,2274.519138,2274.519138,2275.913133,378,1,[1.4230773000163026],[1.4230920000118203],final,1,2024-11-11_11h13.11.595,Intentional binding,2024.1.5,None,2024-11-11 11h13.27.939400 +0530
0.7,400,unexp,32,1,385,2,2275.927233,,2275.914971,2275.927233,2276.926999,2276.926999,2276.926999,2277.345855,space,0.4070708,None,2277.347128,2278.060024,2278.379936,2278.347242,2278.347315,2278.379936,2278.379936,2278.379936,2279.678289,843,1,[1.3275329000025522],[1.3275500999880023],final,1,2024-11-11_11h13.11.595,Intentional binding,2024.1.5,None,2024-11-11 11h13.27.939400 +0530
0.4,400,unexp,32,8,392,1,2303.734404,,2303.720968,2303.734404,2304.734226,2304.734226,2304.734226,2304.769811,space,0.0196965,None,2304.771118,2305.184279,2305.508738,2305.47687,2305.476939,2305.508738,2305.508738,2305.508738,2308.03549,643,1,[2.5551071999943815],[2.555132200010121],final,1,2024-11-11_11h13.11.595,Intentional binding,2024.1.5,None,2024-11-11 11h13.27.939400 +0530
